method,mode,atom,base,heldout,frac,dose,dt,clamped,amplitude,radius,c_tan,delta_norm,h_norm,delta_frac,off_manifold,validity_radius,within_validity,predicted_nats,predicted_nats_pathint,predicted_nats_tangent,measured_kl
manifold,on_chart,0,50,False,0.005,0.005,3.052142479252326,True,0.22630150806513424,2.0407096751480434,2.191587884763723e-05,3.253403812427112,2055.271930376464,0.001582955405726378,7.417531712234315e-13,0.0476897262383176,False,0.000492169110691265,9.00719621748951,0.00011598580412961342,0.0004915937586088299
linear_norm,on_chart,0,50,False,0.005,0.005,,,,,,3.253403812427112,2055.271930376464,,,,,0.0002081154422725091,,,0.00025331675342870545
linear_fisher,on_chart,0,50,False,0.005,0.005,,,,,,3.253403812427112,2055.271930376464,,,,,0.0002631006984113099,,,0.00025331675342870545
manifold,on_chart,0,50,False,0.005,-0.005,-3.052142479252326,True,0.22630150806513424,2.0407096751480434,2.191587884763723e-05,3.4712916090190613,2055.271930376464,0.0016889695021442858,7.949791320821657e-13,0.0476897262383176,False,0.0005216056799353304,9.008607440071376,0.0001320416955002098,0.0005222126203738543
linear_norm,on_chart,0,50,False,0.005,-0.005,,,,,,3.4712916090190613,2055.271930376464,,,,,0.00023692482078866732,,,0.0003160717654562712
linear_fisher,on_chart,0,50,False,0.005,-0.005,,,,,,3.4712916090190613,2055.271930376464,,,,,0.0002995216747964831,,,0.0003160717654562712
manifold,on_chart,0,50,False,0.01,0.01,3.052142479252326,True,0.22630150806513424,2.0407096751480434,2.191587884763723e-05,3.253403812427112,2055.271930376464,0.001582955405726378,7.417531712234315e-13,0.0476897262383176,False,0.000492169110691265,9.00719621748951,0.00011598580412961342,0.0004915937586088299
linear_norm,on_chart,0,50,False,0.01,0.01,,,,,,3.253403812427112,2055.271930376464,,,,,0.0002081154422725091,,,0.00025331675342870545
linear_fisher,on_chart,0,50,False,0.01,0.01,,,,,,3.253403812427112,2055.271930376464,,,,,0.0002631006984113099,,,0.00025331675342870545
manifold,on_chart,0,50,False,0.01,-0.01,-3.052142479252326,True,0.22630150806513424,2.0407096751480434,2.191587884763723e-05,3.4712916090190613,2055.271930376464,0.0016889695021442858,7.949791320821657e-13,0.0476897262383176,False,0.0005216056799353304,9.008607440071376,0.0001320416955002098,0.0005222126203738543
linear_norm,on_chart,0,50,False,0.01,-0.01,,,,,,3.4712916090190613,2055.271930376464,,,,,0.00023692482078866732,,,0.0003160717654562712
linear_fisher,on_chart,0,50,False,0.01,-0.01,,,,,,3.4712916090190613,2055.271930376464,,,,,0.0002995216747964831,,,0.0003160717654562712
manifold,on_chart,0,50,False,0.02,0.02,3.052142479252326,True,0.22630150806513424,2.0407096751480434,2.191587884763723e-05,3.253403812427112,2055.271930376464,0.001582955405726378,7.417531712234315e-13,0.0476897262383176,False,0.000492169110691265,9.00719621748951,0.00011598580412961342,0.0004915937586088299
linear_norm,on_chart,0,50,False,0.02,0.02,,,,,,3.253403812427112,2055.271930376464,,,,,0.0002081154422725091,,,0.00025331675342870545
linear_fisher,on_chart,0,50,False,0.02,0.02,,,,,,3.253403812427112,2055.271930376464,,,,,0.0002631006984113099,,,0.00025331675342870545
manifold,on_chart,0,50,False,0.02,-0.02,-3.052142479252326,True,0.22630150806513424,2.0407096751480434,2.191587884763723e-05,3.4712916090190613,2055.271930376464,0.0016889695021442858,7.949791320821657e-13,0.0476897262383176,False,0.0005216056799353304,9.008607440071376,0.0001320416955002098,0.0005222126203738543
linear_norm,on_chart,0,50,False,0.02,-0.02,,,,,,3.4712916090190613,2055.271930376464,,,,,0.00023692482078866732,,,0.0003160717654562712
linear_fisher,on_chart,0,50,False,0.02,-0.02,,,,,,3.4712916090190613,2055.271930376464,,,,,0.0002995216747964831,,,0.0003160717654562712
manifold,on_chart,0,50,False,0.05,0.05,3.052142479252326,True,0.22630150806513424,2.0407096751480434,2.191587884763723e-05,3.253403812427112,2055.271930376464,0.001582955405726378,7.417531712234315e-13,0.0476897262383176,False,0.000492169110691265,9.00719621748951,0.00011598580412961342,0.0004915937586088299
linear_norm,on_chart,0,50,False,0.05,0.05,,,,,,3.253403812427112,2055.271930376464,,,,,0.0002081154422725091,,,0.00025331675342870545
linear_fisher,on_chart,0,50,False,0.05,0.05,,,,,,3.253403812427112,2055.271930376464,,,,,0.0002631006984113099,,,0.00025331675342870545
manifold,on_chart,0,50,False,0.05,-0.05,-3.052142479252326,True,0.22630150806513424,2.0407096751480434,2.191587884763723e-05,3.4712916090190613,2055.271930376464,0.0016889695021442858,7.949791320821657e-13,0.0476897262383176,False,0.0005216056799353304,9.008607440071376,0.0001320416955002098,0.0005222126203738543
linear_norm,on_chart,0,50,False,0.05,-0.05,,,,,,3.4712916090190613,2055.271930376464,,,,,0.00023692482078866732,,,0.0003160717654562712
linear_fisher,on_chart,0,50,False,0.05,-0.05,,,,,,3.4712916090190613,2055.271930376464,,,,,0.0002995216747964831,,,0.0003160717654562712
manifold,on_chart,0,50,False,0.1,0.1,3.052142479252326,True,0.22630150806513424,2.0407096751480434,2.191587884763723e-05,3.253403812427112,2055.271930376464,0.001582955405726378,7.417531712234315e-13,0.0476897262383176,False,0.000492169110691265,9.00719621748951,0.00011598580412961342,0.0004915937586088299
linear_norm,on_chart,0,50,False,0.1,0.1,,,,,,3.253403812427112,2055.271930376464,,,,,0.0002081154422725091,,,0.00025331675342870545
linear_fisher,on_chart,0,50,False,0.1,0.1,,,,,,3.253403812427112,2055.271930376464,,,,,0.0002631006984113099,,,0.00025331675342870545
manifold,on_chart,0,50,False,0.1,-0.1,-3.052142479252326,True,0.22630150806513424,2.0407096751480434,2.191587884763723e-05,3.4712916090190613,2055.271930376464,0.0016889695021442858,7.949791320821657e-13,0.0476897262383176,False,0.0005216056799353304,9.008607440071376,0.0001320416955002098,0.0005222126203738543
linear_norm,on_chart,0,50,False,0.1,-0.1,,,,,,3.4712916090190613,2055.271930376464,,,,,0.00023692482078866732,,,0.0003160717654562712
linear_fisher,on_chart,0,50,False,0.1,-0.1,,,,,,3.4712916090190613,2055.271930376464,,,,,0.0002995216747964831,,,0.0003160717654562712
manifold,on_chart,0,50,False,0.2,0.2,3.052142479252326,True,0.22630150806513424,2.0407096751480434,2.191587884763723e-05,3.253403812427112,2055.271930376464,0.001582955405726378,7.417531712234315e-13,0.0476897262383176,False,0.000492169110691265,9.00719621748951,0.00011598580412961342,0.0004915937586088299
linear_norm,on_chart,0,50,False,0.2,0.2,,,,,,3.253403812427112,2055.271930376464,,,,,0.0002081154422725091,,,0.00025331675342870545
linear_fisher,on_chart,0,50,False,0.2,0.2,,,,,,3.253403812427112,2055.271930376464,,,,,0.0002631006984113099,,,0.00025331675342870545
manifold,on_chart,0,50,False,0.2,-0.2,-3.052142479252326,True,0.22630150806513424,2.0407096751480434,2.191587884763723e-05,3.4712916090190613,2055.271930376464,0.0016889695021442858,7.949791320821657e-13,0.0476897262383176,False,0.0005216056799353304,9.008607440071376,0.0001320416955002098,0.0005222126203738543
linear_norm,on_chart,0,50,False,0.2,-0.2,,,,,,3.4712916090190613,2055.271930376464,,,,,0.00023692482078866732,,,0.0003160717654562712
linear_fisher,on_chart,0,50,False,0.2,-0.2,,,,,,3.4712916090190613,2055.271930376464,,,,,0.0002995216747964831,,,0.0003160717654562712
manifold,on_chart,0,50,False,0.4,0.4,3.052142479252326,True,0.22630150806513424,2.0407096751480434,2.191587884763723e-05,3.253403812427112,2055.271930376464,0.001582955405726378,7.417531712234315e-13,0.0476897262383176,False,0.000492169110691265,9.00719621748951,0.00011598580412961342,0.0004915937586088299
linear_norm,on_chart,0,50,False,0.4,0.4,,,,,,3.253403812427112,2055.271930376464,,,,,0.0002081154422725091,,,0.00025331675342870545
linear_fisher,on_chart,0,50,False,0.4,0.4,,,,,,3.253403812427112,2055.271930376464,,,,,0.0002631006984113099,,,0.00025331675342870545
manifold,on_chart,0,50,False,0.4,-0.4,-3.052142479252326,True,0.22630150806513424,2.0407096751480434,2.191587884763723e-05,3.4712916090190613,2055.271930376464,0.0016889695021442858,7.949791320821657e-13,0.0476897262383176,False,0.0005216056799353304,9.008607440071376,0.0001320416955002098,0.0005222126203738543
linear_norm,on_chart,0,50,False,0.4,-0.4,,,,,,3.4712916090190613,2055.271930376464,,,,,0.00023692482078866732,,,0.0003160717654562712
linear_fisher,on_chart,0,50,False,0.4,-0.4,,,,,,3.4712916090190613,2055.271930376464,,,,,0.0002995216747964831,,,0.0003160717654562712
manifold,on_chart,0,1,False,0.005,0.005,3.052142479252326,True,0.22630150806513424,1.905399009929537,8.965138892848814e-06,3.323705446508612,4369.6938216227745,0.0007606266210373263,7.624040857000838e-13,0.0476897262383176,False,5.450852209770324e-05,9.007532317942514,4.95190248909076e-05,6.42392918075705e-05
linear_norm,on_chart,0,1,False,0.005,0.005,,,,,,3.323705446508612,4369.6938216227745,,,,,0.00021720680195224716,,,2.579382540210754e-05
linear_fisher,on_chart,0,1,False,0.005,0.005,,,,,,3.323705446508612,4369.6938216227745,,,,,2.518958909935024e-05,,,2.579382540210754e-05
manifold,on_chart,0,1,False,0.005,-0.005,-3.052142479252326,True,0.22630150806513424,1.905399009929537,8.965138892848814e-06,3.401071828474469,4369.6938216227745,0.0007783318390970038,7.70246175551577e-13,0.0476897262383176,False,5.935263105974067e-05,9.008249689902225,5.185117886020084e-05,6.9281863906233e-05
linear_norm,on_chart,0,1,False,0.005,-0.005,,,,,,3.401071828474469,4369.6938216227745,,,,,0.00022743639969667766,,,2.8199633153957695e-05
linear_fisher,on_chart,0,1,False,0.005,-0.005,,,,,,3.401071828474469,4369.6938216227745,,,,,2.637592102596499e-05,,,2.8199633153957695e-05
manifold,on_chart,0,1,False,0.01,0.01,3.052142479252326,True,0.22630150806513424,1.905399009929537,8.965138892848814e-06,3.323705446508612,4369.6938216227745,0.0007606266210373263,7.624040857000838e-13,0.0476897262383176,False,5.450852209770324e-05,9.007532317942514,4.95190248909076e-05,6.42392918075705e-05
linear_norm,on_chart,0,1,False,0.01,0.01,,,,,,3.323705446508612,4369.6938216227745,,,,,0.00021720680195224716,,,2.579382540210754e-05
linear_fisher,on_chart,0,1,False,0.01,0.01,,,,,,3.323705446508612,4369.6938216227745,,,,,2.518958909935024e-05,,,2.579382540210754e-05
manifold,on_chart,0,1,False,0.01,-0.01,-3.052142479252326,True,0.22630150806513424,1.905399009929537,8.965138892848814e-06,3.401071828474469,4369.6938216227745,0.0007783318390970038,7.70246175551577e-13,0.0476897262383176,False,5.935263105974067e-05,9.008249689902225,5.185117886020084e-05,6.9281863906233e-05
linear_norm,on_chart,0,1,False,0.01,-0.01,,,,,,3.401071828474469,4369.6938216227745,,,,,0.00022743639969667766,,,2.8199633153957695e-05
linear_fisher,on_chart,0,1,False,0.01,-0.01,,,,,,3.401071828474469,4369.6938216227745,,,,,2.637592102596499e-05,,,2.8199633153957695e-05
manifold,on_chart,0,1,False,0.02,0.02,3.052142479252326,True,0.22630150806513424,1.905399009929537,8.965138892848814e-06,3.323705446508612,4369.6938216227745,0.0007606266210373263,7.624040857000838e-13,0.0476897262383176,False,5.450852209770324e-05,9.007532317942514,4.95190248909076e-05,6.42392918075705e-05
linear_norm,on_chart,0,1,False,0.02,0.02,,,,,,3.323705446508612,4369.6938216227745,,,,,0.00021720680195224716,,,2.579382540210754e-05
linear_fisher,on_chart,0,1,False,0.02,0.02,,,,,,3.323705446508612,4369.6938216227745,,,,,2.518958909935024e-05,,,2.579382540210754e-05
manifold,on_chart,0,1,False,0.02,-0.02,-3.052142479252326,True,0.22630150806513424,1.905399009929537,8.965138892848814e-06,3.401071828474469,4369.6938216227745,0.0007783318390970038,7.70246175551577e-13,0.0476897262383176,False,5.935263105974067e-05,9.008249689902225,5.185117886020084e-05,6.9281863906233e-05
linear_norm,on_chart,0,1,False,0.02,-0.02,,,,,,3.401071828474469,4369.6938216227745,,,,,0.00022743639969667766,,,2.8199633153957695e-05
linear_fisher,on_chart,0,1,False,0.02,-0.02,,,,,,3.401071828474469,4369.6938216227745,,,,,2.637592102596499e-05,,,2.8199633153957695e-05
manifold,on_chart,0,1,False,0.05,0.05,3.052142479252326,True,0.22630150806513424,1.905399009929537,8.965138892848814e-06,3.323705446508612,4369.6938216227745,0.0007606266210373263,7.624040857000838e-13,0.0476897262383176,False,5.450852209770324e-05,9.007532317942514,4.95190248909076e-05,6.42392918075705e-05
linear_norm,on_chart,0,1,False,0.05,0.05,,,,,,3.323705446508612,4369.6938216227745,,,,,0.00021720680195224716,,,2.579382540210754e-05
linear_fisher,on_chart,0,1,False,0.05,0.05,,,,,,3.323705446508612,4369.6938216227745,,,,,2.518958909935024e-05,,,2.579382540210754e-05
manifold,on_chart,0,1,False,0.05,-0.05,-3.052142479252326,True,0.22630150806513424,1.905399009929537,8.965138892848814e-06,3.401071828474469,4369.6938216227745,0.0007783318390970038,7.70246175551577e-13,0.0476897262383176,False,5.935263105974067e-05,9.008249689902225,5.185117886020084e-05,6.9281863906233e-05
linear_norm,on_chart,0,1,False,0.05,-0.05,,,,,,3.401071828474469,4369.6938216227745,,,,,0.00022743639969667766,,,2.8199633153957695e-05
linear_fisher,on_chart,0,1,False,0.05,-0.05,,,,,,3.401071828474469,4369.6938216227745,,,,,2.637592102596499e-05,,,2.8199633153957695e-05
manifold,on_chart,0,1,False,0.1,0.1,3.052142479252326,True,0.22630150806513424,1.905399009929537,8.965138892848814e-06,3.323705446508612,4369.6938216227745,0.0007606266210373263,7.624040857000838e-13,0.0476897262383176,False,5.450852209770324e-05,9.007532317942514,4.95190248909076e-05,6.42392918075705e-05
linear_norm,on_chart,0,1,False,0.1,0.1,,,,,,3.323705446508612,4369.6938216227745,,,,,0.00021720680195224716,,,2.579382540210754e-05
linear_fisher,on_chart,0,1,False,0.1,0.1,,,,,,3.323705446508612,4369.6938216227745,,,,,2.518958909935024e-05,,,2.579382540210754e-05
manifold,on_chart,0,1,False,0.1,-0.1,-3.052142479252326,True,0.22630150806513424,1.905399009929537,8.965138892848814e-06,3.401071828474469,4369.6938216227745,0.0007783318390970038,7.70246175551577e-13,0.0476897262383176,False,5.935263105974067e-05,9.008249689902225,5.185117886020084e-05,6.9281863906233e-05
linear_norm,on_chart,0,1,False,0.1,-0.1,,,,,,3.401071828474469,4369.6938216227745,,,,,0.00022743639969667766,,,2.8199633153957695e-05
linear_fisher,on_chart,0,1,False,0.1,-0.1,,,,,,3.401071828474469,4369.6938216227745,,,,,2.637592102596499e-05,,,2.8199633153957695e-05
manifold,on_chart,0,1,False,0.2,0.2,3.052142479252326,True,0.22630150806513424,1.905399009929537,8.965138892848814e-06,3.323705446508612,4369.6938216227745,0.0007606266210373263,7.624040857000838e-13,0.0476897262383176,False,5.450852209770324e-05,9.007532317942514,4.95190248909076e-05,6.42392918075705e-05
linear_norm,on_chart,0,1,False,0.2,0.2,,,,,,3.323705446508612,4369.6938216227745,,,,,0.00021720680195224716,,,2.579382540210754e-05
linear_fisher,on_chart,0,1,False,0.2,0.2,,,,,,3.323705446508612,4369.6938216227745,,,,,2.518958909935024e-05,,,2.579382540210754e-05
manifold,on_chart,0,1,False,0.2,-0.2,-3.052142479252326,True,0.22630150806513424,1.905399009929537,8.965138892848814e-06,3.401071828474469,4369.6938216227745,0.0007783318390970038,7.70246175551577e-13,0.0476897262383176,False,5.935263105974067e-05,9.008249689902225,5.185117886020084e-05,6.9281863906233e-05
linear_norm,on_chart,0,1,False,0.2,-0.2,,,,,,3.401071828474469,4369.6938216227745,,,,,0.00022743639969667766,,,2.8199633153957695e-05
linear_fisher,on_chart,0,1,False,0.2,-0.2,,,,,,3.401071828474469,4369.6938216227745,,,,,2.637592102596499e-05,,,2.8199633153957695e-05
manifold,on_chart,0,1,False,0.4,0.4,3.052142479252326,True,0.22630150806513424,1.905399009929537,8.965138892848814e-06,3.323705446508612,4369.6938216227745,0.0007606266210373263,7.624040857000838e-13,0.0476897262383176,False,5.450852209770324e-05,9.007532317942514,4.95190248909076e-05,6.42392918075705e-05
linear_norm,on_chart,0,1,False,0.4,0.4,,,,,,3.323705446508612,4369.6938216227745,,,,,0.00021720680195224716,,,2.579382540210754e-05
linear_fisher,on_chart,0,1,False,0.4,0.4,,,,,,3.323705446508612,4369.6938216227745,,,,,2.518958909935024e-05,,,2.579382540210754e-05
manifold,on_chart,0,1,False,0.4,-0.4,-3.052142479252326,True,0.22630150806513424,1.905399009929537,8.965138892848814e-06,3.401071828474469,4369.6938216227745,0.0007783318390970038,7.70246175551577e-13,0.0476897262383176,False,5.935263105974067e-05,9.008249689902225,5.185117886020084e-05,6.9281863906233e-05
linear_norm,on_chart,0,1,False,0.4,-0.4,,,,,,3.401071828474469,4369.6938216227745,,,,,0.00022743639969667766,,,2.8199633153957695e-05
linear_fisher,on_chart,0,1,False,0.4,-0.4,,,,,,3.401071828474469,4369.6938216227745,,,,,2.637592102596499e-05,,,2.8199633153957695e-05
manifold,on_chart,0,31,False,0.005,0.005,0.052279849390029304,False,0.22630150806513424,145.43421661271074,2.47248771881644e-05,10.555193162884356,1520.4826177994757,0.006942001861330318,2.390269052032632e-12,0.0065349811737536664,False,0.005902379959879859,0.0014169435605592016,0.0013773252783380399,0.005398476230725276
linear_norm,on_chart,0,31,False,0.005,0.005,,,,,,10.555193162884356,1520.4826177994757,,,,,0.002190588153036703,,,0.00015901075186551653
linear_fisher,on_chart,0,31,False,0.005,0.005,,,,,,10.555193162884356,1520.4826177994757,,,,,0.00017106350232051849,,,0.00015901075186551653
manifold,on_chart,0,31,False,0.005,-0.005,-0.052279849390029304,False,0.22630150806513424,145.43421661271074,2.47248771881644e-05,4.260447998039445,1520.4826177994757,0.0028020366350556473,1.038058544273991e-12,0.006534981173753663,False,0.0009637099279366989,0.00026870485334301895,0.00022439577983825008,0.0010367006009475137
linear_norm,on_chart,0,31,False,0.005,-0.005,,,,,,4.260447998039445,1520.4826177994757,,,,,0.00035689371612945776,,,3.3702312468504715e-05
linear_fisher,on_chart,0,31,False,0.005,-0.005,,,,,,4.260447998039445,1520.4826177994757,,,,,2.786990742767298e-05,,,3.3702312468504715e-05
manifold,on_chart,0,31,False,0.01,0.01,0.10459546415478818,False,0.22630150806513424,145.43421661271074,2.47248771881644e-05,26.289077625063438,1520.4826177994757,0.017289956042450788,5.949214678673521e-12,0.006537216509674263,False,0.03659961497624421,0.009029521255157637,0.008543874195792984,0.031023468646121266
linear_norm,on_chart,0,31,False,0.01,0.01,,,,,,26.289077625063438,1520.4826177994757,,,,,0.013588736000637437,,,0.001090894737356625
linear_fisher,on_chart,0,31,False,0.01,0.01,,,,,,26.289077625063438,1520.4826177994757,,,,,0.0010611473312112864,,,0.001090894737356625
manifold,on_chart,0,31,False,0.01,-0.01,-0.10459546415478818,False,0.22630150806513424,145.43421661271074,2.47248771881644e-05,1.773989719730548,1520.4826177994757,0.0011667280500042556,4.3404504652262744e-13,0.006537216509674261,False,0.00016786773137489054,0.0007919247450453113,3.8905082889735346e-05,0.00017439535059249654
linear_norm,on_chart,0,31,False,0.01,-0.01,,,,,,1.773989719730548,1520.4826177994757,,,,,6.187718690097854e-05,,,5.451558937866755e-06
linear_fisher,on_chart,0,31,False,0.01,-0.01,,,,,,1.773989719730548,1520.4826177994757,,,,,4.832002898559164e-06,,,5.451558937866755e-06
manifold,on_chart,0,31,False,0.02,0.02,0.20947837998687904,False,0.22630150806513424,145.43421661271074,2.47248771881644e-05,66.26443258967362,1520.4826177994757,0.04358118390434155,1.499469390068248e-11,0.006546199374589971,False,0.2324244552539577,0.05793358013944875,0.05428315913240664,0.17204943387054322
linear_norm,on_chart,0,31,False,0.02,0.02,,,,,,66.26443258967362,1520.4826177994757,,,,,0.08633548456203621,,,0.01380058974380045
linear_fisher,on_chart,0,31,False,0.02,0.02,,,,,,66.26443258967362,1520.4826177994757,,,,,0.006741956649061434,,,0.01380058974380045
manifold,on_chart,0,31,False,0.02,-0.02,-0.20947837998687904,False,0.22630150806513424,145.43421661271074,2.47248771881644e-05,21.826885407961907,1520.4826177994757,0.014355235076314749,4.953116497144997e-12,0.00654619937458997,False,0.025126702571816647,0.01652863099769703,0.005889625550671553,0.021849853046350495
linear_norm,on_chart,0,31,False,0.02,-0.02,,,,,,21.826885407961907,1520.4826177994757,,,,,0.009367245457580914,,,0.0016559512507233582
linear_fisher,on_chart,0,31,False,0.02,-0.02,,,,,,21.826885407961907,1520.4826177994757,,,,,0.0007314902223169803,,,0.0016559512507233582
manifold,on_chart,0,31,False,0.05,0.05,0.5288814583511379,False,0.22630150806513424,145.43421661271074,2.47248771881644e-05,112.63353942055892,1520.4826177994757,0.07407749230541566,2.5493093890941487e-11,0.00826377278673653,False,0.6708948063350914,0.2658833404621323,0.15683378031243503,0.21516633771996913
linear_norm,on_chart,0,31,False,0.05,0.05,,,,,,112.63353942055892,1520.4826177994757,,,,,0.2494386958198707,,,0.10570642480679884
linear_fisher,on_chart,0,31,False,0.05,0.05,,,,,,112.63353942055892,1520.4826177994757,,,,,0.019478721667538678,,,0.10570642480679884
manifold,on_chart,0,31,False,0.05,-0.05,-0.5288814583511379,False,0.22630150806513424,145.43421661271074,2.47248771881644e-05,120.92073799699364,1520.4826177994757,0.07952786607452089,2.738121316494816e-11,0.00826377278673653,False,0.7733908207188666,0.26224650579610653,0.1807614121844543,0.22708541892472545
linear_norm,on_chart,0,31,False,0.05,-0.05,,,,,,120.92073799699364,1520.4826177994757,,,,,0.28749476560486475,,,0.11153092804126766
linear_fisher,on_chart,0,31,False,0.05,-0.05,,,,,,120.92073799699364,1520.4826177994757,,,,,0.022450528382073644,,,0.11153092804126766
manifold,on_chart,0,31,False,0.1,0.1,1.1001213579372318,False,0.22630150806513424,145.43421661271074,2.47248771881644e-05,24.7801196997247,1520.4826177994757,0.016297535670343817,5.618735953636951e-12,0.017189396217769246,False,0.032519545351134944,1.1691879931029168,0.007591208976892951,0.027736930516345962
linear_norm,on_chart,0,31,False,0.1,0.1,,,,,,24.7801196997247,1520.4826177994757,,,,,0.012073554964498537,,,0.0009488082994211541
linear_fisher,on_chart,0,31,False,0.1,0.1,,,,,,24.7801196997247,1520.4826177994757,,,,,0.0009428265166244593,,,0.0009488082994211541
manifold,on_chart,0,31,False,0.1,-0.1,-1.1001213579372318,False,0.22630150806513424,145.43421661271074,2.47248771881644e-05,2.247193875338481,1520.4826177994757,0.001477947757528949,6.663353574629133e-13,0.017189396217769246,False,0.0002693852929108995,1.0886542299231676,6.24288352813625e-05,0.0002815804594933709
linear_norm,on_chart,0,31,False,0.1,-0.1,,,,,,2.247193875338481,1520.4826177994757,,,,,9.92909003603346e-05,,,8.861997362561971e-06
linear_fisher,on_chart,0,31,False,0.1,-0.1,,,,,,2.247193875338481,1520.4826177994757,,,,,7.753647868793127e-06,,,8.861997362561971e-06
manifold,on_chart,0,31,False,0.2,0.2,3.052142479252326,True,0.22630150806513424,145.43421661271074,2.47248771881644e-05,10.52006000493823,1520.4826177994757,0.006918895278239634,2.4147263531261474e-12,0.0476897262383176,False,0.005863160483752661,9.080393523680458,0.0013681716318539698,0.005363744776389344
linear_norm,on_chart,0,31,False,0.2,0.2,,,,,,10.52006000493823,1520.4826177994757,,,,,0.0021760295953303596,,,0.0001580243877203039
linear_fisher,on_chart,0,31,False,0.2,0.2,,,,,,10.52006000493823,1520.4826177994757,,,,,0.00016992662140270226,,,0.0001580243877203039
manifold,on_chart,0,31,False,0.2,-0.2,-3.052142479252326,True,0.22630150806513424,145.43421661271074,2.47248771881644e-05,4.258054548615075,1520.4826177994757,0.002800462497083696,9.73335707743346e-13,0.0476897262383176,False,0.0009626211732789579,9.012689181068604,0.00022414372696071103,0.0010354465496591435
linear_norm,on_chart,0,31,False,0.2,-0.2,,,,,,4.258054548615075,1520.4826177994757,,,,,0.00035649283475730866,,,3.36623364749389e-05
linear_fisher,on_chart,0,31,False,0.2,-0.2,,,,,,4.258054548615075,1520.4826177994757,,,,,2.783860251467973e-05,,,3.36623364749389e-05
manifold,on_chart,0,31,False,0.4,0.4,3.052142479252326,True,0.22630150806513424,145.43421661271074,2.47248771881644e-05,10.52006000493823,1520.4826177994757,0.006918895278239634,2.4147263531261474e-12,0.0476897262383176,False,0.005863160483752661,9.080393523680458,0.0013681716318539698,0.005363744776389344
linear_norm,on_chart,0,31,False,0.4,0.4,,,,,,10.52006000493823,1520.4826177994757,,,,,0.0021760295953303596,,,0.0001580243877203039
linear_fisher,on_chart,0,31,False,0.4,0.4,,,,,,10.52006000493823,1520.4826177994757,,,,,0.00016992662140270226,,,0.0001580243877203039
manifold,on_chart,0,31,False,0.4,-0.4,-3.052142479252326,True,0.22630150806513424,145.43421661271074,2.47248771881644e-05,4.258054548615075,1520.4826177994757,0.002800462497083696,9.73335707743346e-13,0.0476897262383176,False,0.0009626211732789579,9.012689181068604,0.00022414372696071103,0.0010354465496591435
linear_norm,on_chart,0,31,False,0.4,-0.4,,,,,,4.258054548615075,1520.4826177994757,,,,,0.00035649283475730866,,,3.36623364749389e-05
linear_fisher,on_chart,0,31,False,0.4,-0.4,,,,,,4.258054548615075,1520.4826177994757,,,,,2.783860251467973e-05,,,3.36623364749389e-05
manifold,on_chart,0,38,False,0.005,0.005,0.024054945200831648,False,0.22630150806513424,387.5448949732204,2.495677864812443e-05,9.139010126841507,1864.4292901095432,0.004901773521432154,2.0734615761373528e-12,0.024054945200831623,False,0.002071209862707253,0.001042660359803702,0.0010422138700292645,0.0021012932484140634
linear_norm,on_chart,0,38,False,0.005,0.005,,,,,,9.139010126841507,1864.4292901095432,,,,,0.001642202393992304,,,0.0007388243060845367
linear_fisher,on_chart,0,38,False,0.005,0.005,,,,,,9.139010126841507,1864.4292901095432,,,,,0.0007422621498307957,,,0.0007388243060845367
manifold,on_chart,0,38,False,0.005,-0.005,-0.024054945200831648,False,0.22630150806513424,387.5448949732204,2.495677864812443e-05,9.447760698695546,1864.4292901095432,0.005067374101455169,2.1432994975037592e-12,0.024054945200831623,False,0.0022154108041668214,0.001113563720505335,0.0011138233048756019,0.0024176673837225443
linear_norm,on_chart,0,38,False,0.005,-0.005,,,,,,9.447760698695546,1864.4292901095432,,,,,0.0017550364184845985,,,0.0008591706269034517
linear_fisher,on_chart,0,38,False,0.005,-0.005,,,,,,9.447760698695546,1864.4292901095432,,,,,0.0007932622128559727,,,0.0008591706269034517
manifold,on_chart,0,38,False,0.01,0.01,0.04811337107358115,False,0.22630150806513424,387.5448949732204,2.495677864812443e-05,17.762101424998118,1864.4292901095432,0.009526830284861336,4.018025065161991e-12,0.04811337107358116,True,0.007820184606553694,0.003943414582691919,0.003936835087187511,0.008268037001861375
linear_norm,on_chart,0,38,False,0.01,0.01,,,,,,17.762101424998118,1864.4292901095432,,,,,0.006203218159772425,,,0.002733449566566867
linear_fisher,on_chart,0,38,False,0.01,0.01,,,,,,17.762101424998118,1864.4292901095432,,,,,0.002803804247263621,,,0.002733449566566867
manifold,on_chart,0,38,False,0.01,-0.01,-0.04811337107358115,False,0.22630150806513424,387.5448949732204,2.495677864812443e-05,18.990240169932186,1864.4292901095432,0.01018555129479672,4.301487910151776e-12,0.04811337107358116,True,0.008954382478304107,0.00449790163309305,0.004500071830152217,0.011242379775359117
linear_norm,on_chart,0,38,False,0.01,-0.01,,,,,,18.990240169932186,1864.4292901095432,,,,,0.007090702729187239,,,0.0037694114537511927
linear_fisher,on_chart,0,38,False,0.01,-0.01,,,,,,18.990240169932186,1864.4292901095432,,,,,0.003204940067577486,,,0.0037694114537511927
manifold,on_chart,0,38,False,0.02,0.02,0.09625461475134656,False,0.22630150806513424,387.5448949732204,2.495677864812443e-05,32.69271518760395,1864.4292901095432,0.01753497188712537,7.40158134979146e-12,0.05113526408665286,False,0.02646642134153748,0.013488107443794396,0.0133370725443057,0.031080313647229567
linear_norm,on_chart,0,38,False,0.02,0.02,,,,,,32.69271518760395,1864.4292901095432,,,,,0.021015046038960178,,,0.009013904965955138
linear_fisher,on_chart,0,38,False,0.02,0.02,,,,,,32.69271518760395,1864.4292901095432,,,,,0.009498630198528882,,,0.009013904965955138
manifold,on_chart,0,38,False,0.02,-0.02,-0.09625461475134656,False,0.22630150806513424,387.5448949732204,2.495677864812443e-05,37.49657687460829,1864.4292901095432,0.020111557501011585,8.485269702906205e-12,0.09625461475134656,True,0.034939041521492416,0.017534080260595896,0.017544531501330885,0.06071529346812932
linear_norm,on_chart,0,38,False,0.02,-0.02,,,,,,37.49657687460829,1864.4292901095432,,,,,0.02764468259489769,,,0.01917126797157421
linear_fisher,on_chart,0,38,False,0.02,-0.02,,,,,,37.49657687460829,1864.4292901095432,,,,,0.012495172098972607,,,0.01917126797157421
manifold,on_chart,0,38,False,0.05,0.05,0.24112738334301959,False,0.22630150806513424,387.5448949732204,2.495677864812443e-05,48.84060484489089,1864.4292901095432,0.02619600813180815,1.1060689660656425e-11,0.05274661510628552,False,0.05878099002558598,0.04342404874844199,0.02976600831262989,0.0763473071744308
linear_norm,on_chart,0,38,False,0.05,0.05,,,,,,48.84060484489089,1864.4292901095432,,,,,0.04690189942417775,,,0.019654094868818108
linear_fisher,on_chart,0,38,False,0.05,0.05,,,,,,48.84060484489089,1864.4292901095432,,,,,0.021199277765698587,,,0.019654094868818108
manifold,on_chart,0,38,False,0.05,-0.05,-0.24112738334301959,False,0.22630150806513424,387.5448949732204,2.495677864812443e-05,74.414240957124,1864.4292901095432,0.03991261098067808,1.6828434317864612e-11,0.1544722299541219,False,0.1379860386717847,0.07468050453231126,0.06909882204557129,0.2510046316152752
linear_norm,on_chart,0,38,False,0.05,-0.05,,,,,,74.414240957124,1864.4292901095432,,,,,0.10887808562948705,,,0.1757596221000126
linear_fisher,on_chart,0,38,False,0.05,-0.05,,,,,,74.414240957124,1864.4292901095432,,,,,0.04921201077556286,,,0.1757596221000126
manifold,on_chart,0,38,False,0.1,0.1,0.48585182002553967,False,0.22630150806513424,387.5448949732204,2.495677864812443e-05,21.55816212022721,1864.4292901095432,0.011562874620447834,4.87774648215737e-12,0.053140042815293394,False,0.011895895604692484,0.22563319714153354,0.00579938576928998,0.015516514228719469
linear_norm,on_chart,0,38,False,0.1,0.1,,,,,,21.55816212022721,1864.4292901095432,,,,,0.00913801424821326,,,0.003996196980676154
linear_fisher,on_chart,0,38,False,0.1,0.1,,,,,,21.55816212022721,1864.4292901095432,,,,,0.004130308253036797,,,0.003996196980676154
manifold,on_chart,0,38,False,0.1,-0.1,-0.48585182002553967,False,0.22630150806513424,387.5448949732204,2.495677864812443e-05,32.51465707456445,1864.4292901095432,0.01743946914321115,7.362954473068072e-12,0.15942012844588022,False,0.026782890418756308,0.2261312646191114,0.013192189688650883,0.04269925858054374
linear_norm,on_chart,0,38,False,0.1,-0.1,,,,,,32.51465707456445,1864.4292901095432,,,,,0.020786756069648887,,,0.01322936336624749
linear_fisher,on_chart,0,38,False,0.1,-0.1,,,,,,32.51465707456445,1864.4292901095432,,,,,0.009395444985776966,,,0.01322936336624749
manifold,on_chart,0,38,False,0.2,0.2,1.0037891081021237,False,0.22630150806513424,387.5448949732204,2.495677864812443e-05,1.465495606860393,1864.4292901095432,0.0007860290624238632,4.665036435916801e-13,0.06273681925638272,False,5.327876244177907e-05,0.9936504787275687,2.6799554411846366e-05,5.3886221089656516e-05
linear_norm,on_chart,0,38,False,0.2,0.2,,,,,,1.465495606860393,1864.4292901095432,,,,,4.222769786380346e-05,,,1.949698122028988e-05
linear_fisher,on_chart,0,38,False,0.2,0.2,,,,,,1.465495606860393,1864.4292901095432,,,,,1.908657660801031e-05,,,1.949698122028988e-05
manifold,on_chart,0,38,False,0.2,-0.2,-1.0037891081021237,False,0.22630150806513424,387.5448949732204,2.495677864812443e-05,1.4731706254487542,1864.4292901095432,0.000790145613600717,3.3388322759549196e-13,0.15684204814095684,False,5.3845505330742776e-05,0.99372455862718,2.7080995972264502e-05,5.504746590289945e-05
linear_norm,on_chart,0,38,False,0.2,-0.2,,,,,,1.4731706254487542,1864.4292901095432,,,,,4.267116154969225e-05,,,1.993584649787549e-05
linear_fisher,on_chart,0,38,False,0.2,-0.2,,,,,,1.4731706254487542,1864.4292901095432,,,,,1.928701859376313e-05,,,1.993584649787549e-05
manifold,on_chart,0,38,False,0.4,0.4,2.5897500284526953,False,0.22630150806513424,387.5448949732204,2.495677864812443e-05,57.97970600149939,1864.4292901095432,0.031097830477707648,1.3124253424478291e-11,0.08092968838914673,False,0.08431847560745248,6.7112191821935845,0.041947931401273716,0.1685713730940448
linear_norm,on_chart,0,38,False,0.4,0.4,,,,,,57.97970600149939,1864.4292901095432,,,,,0.06609679198403141,,,0.027394821141546358
linear_fisher,on_chart,0,38,False,0.4,0.4,,,,,,57.97970600149939,1864.4292901095432,,,,,0.029875213368624542,,,0.027394821141546358
manifold,on_chart,0,38,False,0.4,-0.4,-2.5897500284526953,False,0.22630150806513424,387.5448949732204,2.495677864812443e-05,8.023541903229118,1864.4292901095432,0.004303484152385152,1.817175295605062e-12,0.16185937677829346,False,0.001464992327923623,6.80845929107214,0.0008033240730707397,0.0014822651143108865
linear_norm,on_chart,0,38,False,0.4,-0.4,,,,,,8.023541903229118,1864.4292901095432,,,,,0.0012657869501500442,,,0.0006138279342541907
linear_fisher,on_chart,0,38,False,0.4,-0.4,,,,,,8.023541903229118,1864.4292901095432,,,,,0.0005721254251505749,,,0.0006138279342541907
manifold,on_chart,0,19,False,0.005,0.005,3.052142479252326,True,0.22630150806513424,2.9212382982979443,1.1255781055272038e-05,3.4146488430738664,1618.807547956693,0.0021093605891472013,7.797491710604002e-13,0.0476897262383176,False,0.00015590470239109042,9.007977879918107,6.562022835983924e-05,0.00023287538247165071
linear_norm,on_chart,0,19,False,0.005,0.005,,,,,,3.4146488430738664,1618.807547956693,,,,,0.00022925586774031256,,,4.8480720932973337e-05
linear_fisher,on_chart,0,19,False,0.005,0.005,,,,,,3.4146488430738664,1618.807547956693,,,,,3.7251599488426667e-05,,,4.8480720932973337e-05
manifold,on_chart,0,19,False,0.005,-0.005,-3.052142479252326,True,0.22630150806513424,2.9212382982979443,1.1255781055272038e-05,3.3101186837667003,1618.807547956693,0.002044788268960588,7.511908154907526e-13,0.0476897262383176,False,0.00015069994327581698,9.007797063866272,6.166415324691768e-05,0.00022477884642291735
linear_norm,on_chart,0,19,False,0.005,-0.005,,,,,,3.3101186837667003,1618.807547956693,,,,,0.0002154346200011968,,,4.784362100783844e-05
linear_fisher,on_chart,0,19,False,0.005,-0.005,,,,,,3.3101186837667003,1618.807547956693,,,,,3.5005796184534515e-05,,,4.784362100783844e-05
manifold,on_chart,0,19,False,0.01,0.01,3.052142479252326,True,0.22630150806513424,2.9212382982979443,1.1255781055272038e-05,3.4146488430738664,1618.807547956693,0.0021093605891472013,7.797491710604002e-13,0.0476897262383176,False,0.00015590470239109042,9.007977879918107,6.562022835983924e-05,0.00023287538247165071
linear_norm,on_chart,0,19,False,0.01,0.01,,,,,,3.4146488430738664,1618.807547956693,,,,,0.00022925586774031256,,,4.8480720932973337e-05
linear_fisher,on_chart,0,19,False,0.01,0.01,,,,,,3.4146488430738664,1618.807547956693,,,,,3.7251599488426667e-05,,,4.8480720932973337e-05
manifold,on_chart,0,19,False,0.01,-0.01,-3.052142479252326,True,0.22630150806513424,2.9212382982979443,1.1255781055272038e-05,3.3101186837667003,1618.807547956693,0.002044788268960588,7.511908154907526e-13,0.0476897262383176,False,0.00015069994327581698,9.007797063866272,6.166415324691768e-05,0.00022477884642291735
linear_norm,on_chart,0,19,False,0.01,-0.01,,,,,,3.3101186837667003,1618.807547956693,,,,,0.0002154346200011968,,,4.784362100783844e-05
linear_fisher,on_chart,0,19,False,0.01,-0.01,,,,,,3.3101186837667003,1618.807547956693,,,,,3.5005796184534515e-05,,,4.784362100783844e-05
manifold,on_chart,0,19,False,0.02,0.02,3.052142479252326,True,0.22630150806513424,2.9212382982979443,1.1255781055272038e-05,3.4146488430738664,1618.807547956693,0.0021093605891472013,7.797491710604002e-13,0.0476897262383176,False,0.00015590470239109042,9.007977879918107,6.562022835983924e-05,0.00023287538247165071
linear_norm,on_chart,0,19,False,0.02,0.02,,,,,,3.4146488430738664,1618.807547956693,,,,,0.00022925586774031256,,,4.8480720932973337e-05
linear_fisher,on_chart,0,19,False,0.02,0.02,,,,,,3.4146488430738664,1618.807547956693,,,,,3.7251599488426667e-05,,,4.8480720932973337e-05
manifold,on_chart,0,19,False,0.02,-0.02,-3.052142479252326,True,0.22630150806513424,2.9212382982979443,1.1255781055272038e-05,3.3101186837667003,1618.807547956693,0.002044788268960588,7.511908154907526e-13,0.0476897262383176,False,0.00015069994327581698,9.007797063866272,6.166415324691768e-05,0.00022477884642291735
linear_norm,on_chart,0,19,False,0.02,-0.02,,,,,,3.3101186837667003,1618.807547956693,,,,,0.0002154346200011968,,,4.784362100783844e-05
linear_fisher,on_chart,0,19,False,0.02,-0.02,,,,,,3.3101186837667003,1618.807547956693,,,,,3.5005796184534515e-05,,,4.784362100783844e-05
manifold,on_chart,0,19,False,0.05,0.05,3.052142479252326,True,0.22630150806513424,2.9212382982979443,1.1255781055272038e-05,3.4146488430738664,1618.807547956693,0.0021093605891472013,7.797491710604002e-13,0.0476897262383176,False,0.00015590470239109042,9.007977879918107,6.562022835983924e-05,0.00023287538247165071
linear_norm,on_chart,0,19,False,0.05,0.05,,,,,,3.4146488430738664,1618.807547956693,,,,,0.00022925586774031256,,,4.8480720932973337e-05
linear_fisher,on_chart,0,19,False,0.05,0.05,,,,,,3.4146488430738664,1618.807547956693,,,,,3.7251599488426667e-05,,,4.8480720932973337e-05
manifold,on_chart,0,19,False,0.05,-0.05,-3.052142479252326,True,0.22630150806513424,2.9212382982979443,1.1255781055272038e-05,3.3101186837667003,1618.807547956693,0.002044788268960588,7.511908154907526e-13,0.0476897262383176,False,0.00015069994327581698,9.007797063866272,6.166415324691768e-05,0.00022477884642291735
linear_norm,on_chart,0,19,False,0.05,-0.05,,,,,,3.3101186837667003,1618.807547956693,,,,,0.0002154346200011968,,,4.784362100783844e-05
linear_fisher,on_chart,0,19,False,0.05,-0.05,,,,,,3.3101186837667003,1618.807547956693,,,,,3.5005796184534515e-05,,,4.784362100783844e-05
manifold,on_chart,0,19,False,0.1,0.1,3.052142479252326,True,0.22630150806513424,2.9212382982979443,1.1255781055272038e-05,3.4146488430738664,1618.807547956693,0.0021093605891472013,7.797491710604002e-13,0.0476897262383176,False,0.00015590470239109042,9.007977879918107,6.562022835983924e-05,0.00023287538247165071
linear_norm,on_chart,0,19,False,0.1,0.1,,,,,,3.4146488430738664,1618.807547956693,,,,,0.00022925586774031256,,,4.8480720932973337e-05
linear_fisher,on_chart,0,19,False,0.1,0.1,,,,,,3.4146488430738664,1618.807547956693,,,,,3.7251599488426667e-05,,,4.8480720932973337e-05
manifold,on_chart,0,19,False,0.1,-0.1,-3.052142479252326,True,0.22630150806513424,2.9212382982979443,1.1255781055272038e-05,3.3101186837667003,1618.807547956693,0.002044788268960588,7.511908154907526e-13,0.0476897262383176,False,0.00015069994327581698,9.007797063866272,6.166415324691768e-05,0.00022477884642291735
linear_norm,on_chart,0,19,False,0.1,-0.1,,,,,,3.3101186837667003,1618.807547956693,,,,,0.0002154346200011968,,,4.784362100783844e-05
linear_fisher,on_chart,0,19,False,0.1,-0.1,,,,,,3.3101186837667003,1618.807547956693,,,,,3.5005796184534515e-05,,,4.784362100783844e-05
manifold,on_chart,0,19,False,0.2,0.2,3.052142479252326,True,0.22630150806513424,2.9212382982979443,1.1255781055272038e-05,3.4146488430738664,1618.807547956693,0.0021093605891472013,7.797491710604002e-13,0.0476897262383176,False,0.00015590470239109042,9.007977879918107,6.562022835983924e-05,0.00023287538247165071
linear_norm,on_chart,0,19,False,0.2,0.2,,,,,,3.4146488430738664,1618.807547956693,,,,,0.00022925586774031256,,,4.8480720932973337e-05
linear_fisher,on_chart,0,19,False,0.2,0.2,,,,,,3.4146488430738664,1618.807547956693,,,,,3.7251599488426667e-05,,,4.8480720932973337e-05
manifold,on_chart,0,19,False,0.2,-0.2,-3.052142479252326,True,0.22630150806513424,2.9212382982979443,1.1255781055272038e-05,3.3101186837667003,1618.807547956693,0.002044788268960588,7.511908154907526e-13,0.0476897262383176,False,0.00015069994327581698,9.007797063866272,6.166415324691768e-05,0.00022477884642291735
linear_norm,on_chart,0,19,False,0.2,-0.2,,,,,,3.3101186837667003,1618.807547956693,,,,,0.0002154346200011968,,,4.784362100783844e-05
linear_fisher,on_chart,0,19,False,0.2,-0.2,,,,,,3.3101186837667003,1618.807547956693,,,,,3.5005796184534515e-05,,,4.784362100783844e-05
manifold,on_chart,0,19,False,0.4,0.4,3.052142479252326,True,0.22630150806513424,2.9212382982979443,1.1255781055272038e-05,3.4146488430738664,1618.807547956693,0.0021093605891472013,7.797491710604002e-13,0.0476897262383176,False,0.00015590470239109042,9.007977879918107,6.562022835983924e-05,0.00023287538247165071
linear_norm,on_chart,0,19,False,0.4,0.4,,,,,,3.4146488430738664,1618.807547956693,,,,,0.00022925586774031256,,,4.8480720932973337e-05
linear_fisher,on_chart,0,19,False,0.4,0.4,,,,,,3.4146488430738664,1618.807547956693,,,,,3.7251599488426667e-05,,,4.8480720932973337e-05
manifold,on_chart,0,19,False,0.4,-0.4,-3.052142479252326,True,0.22630150806513424,2.9212382982979443,1.1255781055272038e-05,3.3101186837667003,1618.807547956693,0.002044788268960588,7.511908154907526e-13,0.0476897262383176,False,0.00015069994327581698,9.007797063866272,6.166415324691768e-05,0.00022477884642291735
linear_norm,on_chart,0,19,False,0.4,-0.4,,,,,,3.3101186837667003,1618.807547956693,,,,,0.0002154346200011968,,,4.784362100783844e-05
linear_fisher,on_chart,0,19,False,0.4,-0.4,,,,,,3.3101186837667003,1618.807547956693,,,,,3.5005796184534515e-05,,,4.784362100783844e-05
manifold,on_chart,0,11,False,0.005,0.005,0.01933023012605877,False,0.22630150806513424,392.55125132584226,2.4950864207294292e-05,7.5047076197389755,1517.597577032379,0.004945123617299277,1.7293006036057096e-12,0.019330230126058723,False,0.0061375130819981485,0.0007028019219481272,0.0007026242761630818,0.00552252592808687
linear_norm,on_chart,0,11,False,0.005,0.005,,,,,,7.5047076197389755,1517.597577032379,,,,,0.0011073780675485859,,,1.9895522633627248e-05
linear_fisher,on_chart,0,11,False,0.005,0.005,,,,,,7.5047076197389755,1517.597577032379,,,,,1.5660103696242866e-05,,,1.9895522633627248e-05
manifold,on_chart,0,11,False,0.005,-0.005,-0.01933023012605877,False,0.22630150806513424,392.55125132584226,2.4950864207294292e-05,7.641381577659945,1517.597577032379,0.005035183037523334,1.7366892055925488e-12,0.019330230126058723,False,0.006362772721283009,0.0007282987733037064,0.0007284493682219189,0.006949804884903963
linear_norm,on_chart,0,11,False,0.005,-0.005,,,,,,7.641381577659945,1517.597577032379,,,,,0.0011480799640081695,,,2.36156397534392e-05
linear_fisher,on_chart,0,11,False,0.005,-0.005,,,,,,7.641381577659945,1517.597577032379,,,,,1.6235693856342275e-05,,,2.36156397534392e-05
manifold,on_chart,0,11,False,0.01,0.01,0.038662266270169186,False,0.22630150806513424,392.55125132584226,2.4950864207294292e-05,14.762837291214739,1517.597577032379,0.009727768095204177,3.339579369287976e-12,0.03866226627016922,True,0.023750674268612236,0.002721054971044309,0.0027189127002224664,0.018883371326313195
linear_norm,on_chart,0,11,False,0.01,0.01,,,,,,14.762837291214739,1517.597577032379,,,,,0.00428516974711934,,,7.165105539598729e-05
linear_fisher,on_chart,0,11,False,0.01,0.01,,,,,,14.762837291214739,1517.597577032379,,,,,6.0599179776465674e-05,,,7.165105539598729e-05
manifold,on_chart,0,11,False,0.01,-0.01,-0.038662266270169186,False,0.22630150806513424,392.55125132584226,2.4950864207294292e-05,15.30757003697553,1517.597577032379,0.010086712227696798,3.4668067016487608e-12,0.03866226627016922,True,0.025533134696579855,0.00292206378910305,0.0029232644642118296,0.029398592364393274
linear_norm,on_chart,0,11,False,0.01,-0.01,,,,,,15.30757003697553,1517.597577032379,,,,,0.0046072404030642845,,,0.000101262399375945
linear_fisher,on_chart,0,11,False,0.01,-0.01,,,,,,15.30757003697553,1517.597577032379,,,,,6.515377591433194e-05,,,0.000101262399375945
manifold,on_chart,0,11,False,0.02,0.02,0.07733898980344135,False,0.22630150806513424,392.55125132584226,2.4950864207294292e-05,28.118688004291567,1517.597577032379,0.018528421783116512,6.367682911164476e-12,0.060421085783938545,False,0.08616883383363168,0.009906010984458664,0.009863832820491995,0.05289734850588659
linear_norm,on_chart,0,11,False,0.02,0.02,,,,,,28.118688004291567,1517.597577032379,,,,,0.015545993069051712,,,0.00024007856719147428
linear_fisher,on_chart,0,11,False,0.02,0.02,,,,,,28.118688004291567,1517.597577032379,,,,,0.00021984530004405336,,,0.00024007856719147428
manifold,on_chart,0,11,False,0.02,-0.02,-0.07733898980344135,False,0.22630150806513424,392.55125132584226,2.4950864207294292e-05,30.266417340050598,1517.597577032379,0.01994363841779173,6.8465580043259e-12,0.07733898980344134,False,0.09981399659233847,0.011421854907856173,0.011428194663208019,0.11385924112762094
linear_norm,on_chart,0,11,False,0.02,-0.02,,,,,,30.266417340050598,1517.597577032379,,,,,0.018011521308118037,,,0.0004713925573426907
linear_fisher,on_chart,0,11,False,0.02,-0.02,,,,,,30.266417340050598,1517.597577032379,,,,,0.0002547118275844321,,,0.0004713925573426907
manifold,on_chart,0,11,False,0.05,0.05,0.1936015035649265,False,0.22630150806513424,392.55125132584226,2.4950864207294292e-05,52.56510344369292,1517.597577032379,0.03463705018986823,1.1901329262566171e-11,0.06050046986403955,False,0.3011930024846896,0.03862664445069125,0.034470742939385186,0.11307177756102646
linear_norm,on_chart,0,11,False,0.05,0.05,,,,,,52.56510344369292,1517.597577032379,,,,,0.054327961612189626,,,0.0010606499169619967
linear_fisher,on_chart,0,11,False,0.05,0.05,,,,,,52.56510344369292,1517.597577032379,,,,,0.0007682845970895737,,,0.0010606499169619967
manifold,on_chart,0,11,False,0.05,-0.05,-0.1936015035649265,False,0.22630150806513424,392.55125132584226,2.4950864207294292e-05,64.68033924990426,1517.597577032379,0.0426202177894781,1.4644714154189757e-11,0.133101033700887,False,0.45576290933851515,0.053929423958741576,0.05219154763700472,0.33257124307761754
linear_norm,on_chart,0,11,False,0.05,-0.05,,,,,,64.68033924990426,1517.597577032379,,,,,0.08225701434662874,,,0.004342146746624698
linear_fisher,on_chart,0,11,False,0.05,-0.05,,,,,,64.68033924990426,1517.597577032379,,,,,0.0011632462409727376,,,0.004342146746624698
manifold,on_chart,0,11,False,0.1,0.1,0.3890475054705163,False,0.22630150806513424,392.55125132584226,2.4950864207294292e-05,23.747405144726905,1517.597577032379,0.01564802521045422,5.3776371089276025e-12,0.060788672729768164,False,0.061544033473995494,0.11285201149076624,0.0070353858377770005,0.04107278806227754
linear_norm,on_chart,0,11,False,0.1,0.1,,,,,,23.747405144726905,1517.597577032379,,,,,0.01108819071273863,,,0.00017340117847787885
linear_fisher,on_chart,0,11,False,0.1,0.1,,,,,,23.747405144726905,1517.597577032379,,,,,0.00015680481802353026,,,0.00017340117847787885
manifold,on_chart,0,11,False,0.1,-0.1,-0.3890475054705163,False,0.22630150806513424,392.55125132584226,2.4950864207294292e-05,56.52149756342934,1517.597577032379,0.03724406154756494,1.2783548139001501e-11,0.13373508000548995,False,0.34781354905115724,0.12726528272106505,0.039855009525733176,0.28948732280774775
linear_norm,on_chart,0,11,False,0.1,-0.1,,,,,,56.52149756342934,1517.597577032379,,,,,0.06281388919800587,,,0.0027511686278118928
linear_fisher,on_chart,0,11,False,0.1,-0.1,,,,,,56.52149756342934,1517.597577032379,,,,,0.0008882892367397642,,,0.0027511686278118928
manifold,on_chart,0,11,False,0.2,0.2,0.7938810985875557,False,0.22630150806513424,392.55125132584226,2.4950864207294292e-05,66.89675807953745,1517.597577032379,0.04408069641910753,1.5135237144293637e-11,0.06202196082715279,False,0.48752284063329626,0.5551728002272839,0.055829757353338776,0.3428105322712081
linear_norm,on_chart,0,11,False,0.2,0.2,,,,,,66.89675807953745,1517.597577032379,,,,,0.08799105141550365,,,0.002098740696286341
linear_fisher,on_chart,0,11,False,0.2,0.2,,,,,,66.89675807953745,1517.597577032379,,,,,0.0012443347307379954,,,0.002098740696286341
manifold,on_chart,0,11,False,0.2,-0.2,-0.7938810985875557,False,0.22630150806513424,392.55125132584226,2.4950864207294292e-05,53.39453177765826,1517.597577032379,0.03518359055505994,1.2087722347218399e-11,0.13644831381973616,False,0.310782101319567,0.6212887490802593,0.03556715781348588,0.11479685053554095
linear_norm,on_chart,0,11,False,0.2,-0.2,,,,,,53.39453177765826,1517.597577032379,,,,,0.056055977318028034,,,0.0022889349758138527
linear_fisher,on_chart,0,11,False,0.2,-0.2,,,,,,53.39453177765826,1517.597577032379,,,,,0.0007927215133832753,,,0.0022889349758138527
manifold,on_chart,0,11,False,0.4,0.4,1.7677346099388844,False,0.22630150806513424,392.55125132584226,2.4950864207294292e-05,70.36385403950852,1517.597577032379,0.0463652915004669,1.5922689148179354e-11,0.0828625598408852,False,0.5393397869382387,2.962952468776045,0.06176676201853259,0.3577177370694416
linear_norm,on_chart,0,11,False,0.4,0.4,,,,,,70.36385403950852,1517.597577032379,,,,,0.09734812741787519,,,0.0024054296741343358
linear_fisher,on_chart,0,11,False,0.4,0.4,,,,,,70.36385403950852,1517.597577032379,,,,,0.0013766588075685444,,,0.0024054296741343358
manifold,on_chart,0,11,False,0.4,-0.4,-1.7677346099388844,False,0.22630150806513424,392.55125132584226,2.4950864207294292e-05,53.87401894891742,1517.597577032379,0.03549954201578696,1.2192211503661546e-11,0.13810426640147536,False,0.31641034809240015,3.120621960762645,0.03620881786532216,0.11576311051546515
linear_norm,on_chart,0,11,False,0.4,-0.4,,,,,,53.87401894891742,1517.597577032379,,,,,0.057067272105771276,,,0.002355143691151783
linear_fisher,on_chart,0,11,False,0.4,-0.4,,,,,,53.87401894891742,1517.597577032379,,,,,0.0008070228452478176,,,0.002355143691151783
manifold,on_chart,0,16,True,0.005,0.005,3.052142479252326,True,0.22630150806513424,2.302369718558418,8.437215229009915e-06,3.3693302350268644,1618.5625240408017,0.002081680617820809,7.980598790491186e-13,0.0476897262383176,False,0.0005350598549189354,9.0077543294409,4.7891263003926816e-05,0.0005960369081489309
linear_norm,on_chart,0,16,True,0.005,0.005,,,,,,3.3693302350268644,1618.5625240408017,,,,,0.00022321096349508843,,,3.394890022519389e-05
linear_fisher,on_chart,0,16,True,0.005,0.005,,,,,,3.3693302350268644,1618.5625240408017,,,,,2.7600996714554407e-05,,,3.394890022519389e-05
manifold,on_chart,0,16,True,0.005,-0.005,-3.052142479252326,True,0.22630150806513424,2.302369718558418,8.437215229009915e-06,3.3554584693470884,1618.5625240408017,0.0020731101946992207,7.683779885422046e-13,0.0476897262383176,False,0.0005266072797415801,9.008021178874744,4.7497731487074474e-05,0.0005878117167906653
linear_norm,on_chart,0,16,True,0.005,-0.005,,,,,,3.3554584693470884,1618.5625240408017,,,,,0.00022137679702019107,,,3.6859730858086176e-05
linear_fisher,on_chart,0,16,True,0.005,-0.005,,,,,,3.3554584693470884,1618.5625240408017,,,,,2.7374194132571488e-05,,,3.6859730858086176e-05
manifold,on_chart,0,16,True,0.01,0.01,3.052142479252326,True,0.22630150806513424,2.302369718558418,8.437215229009915e-06,3.3693302350268644,1618.5625240408017,0.002081680617820809,7.980598790491186e-13,0.0476897262383176,False,0.0005350598549189354,9.0077543294409,4.7891263003926816e-05,0.0005960369081489309
linear_norm,on_chart,0,16,True,0.01,0.01,,,,,,3.3693302350268644,1618.5625240408017,,,,,0.00022321096349508843,,,3.394890022519389e-05
linear_fisher,on_chart,0,16,True,0.01,0.01,,,,,,3.3693302350268644,1618.5625240408017,,,,,2.7600996714554407e-05,,,3.394890022519389e-05
manifold,on_chart,0,16,True,0.01,-0.01,-3.052142479252326,True,0.22630150806513424,2.302369718558418,8.437215229009915e-06,3.3554584693470884,1618.5625240408017,0.0020731101946992207,7.683779885422046e-13,0.0476897262383176,False,0.0005266072797415801,9.008021178874744,4.7497731487074474e-05,0.0005878117167906653
linear_norm,on_chart,0,16,True,0.01,-0.01,,,,,,3.3554584693470884,1618.5625240408017,,,,,0.00022137679702019107,,,3.6859730858086176e-05
linear_fisher,on_chart,0,16,True,0.01,-0.01,,,,,,3.3554584693470884,1618.5625240408017,,,,,2.7374194132571488e-05,,,3.6859730858086176e-05
manifold,on_chart,0,16,True,0.02,0.02,3.052142479252326,True,0.22630150806513424,2.302369718558418,8.437215229009915e-06,3.3693302350268644,1618.5625240408017,0.002081680617820809,7.980598790491186e-13,0.0476897262383176,False,0.0005350598549189354,9.0077543294409,4.7891263003926816e-05,0.0005960369081489309
linear_norm,on_chart,0,16,True,0.02,0.02,,,,,,3.3693302350268644,1618.5625240408017,,,,,0.00022321096349508843,,,3.394890022519389e-05
linear_fisher,on_chart,0,16,True,0.02,0.02,,,,,,3.3693302350268644,1618.5625240408017,,,,,2.7600996714554407e-05,,,3.394890022519389e-05
manifold,on_chart,0,16,True,0.02,-0.02,-3.052142479252326,True,0.22630150806513424,2.302369718558418,8.437215229009915e-06,3.3554584693470884,1618.5625240408017,0.0020731101946992207,7.683779885422046e-13,0.0476897262383176,False,0.0005266072797415801,9.008021178874744,4.7497731487074474e-05,0.0005878117167906653
linear_norm,on_chart,0,16,True,0.02,-0.02,,,,,,3.3554584693470884,1618.5625240408017,,,,,0.00022137679702019107,,,3.6859730858086176e-05
linear_fisher,on_chart,0,16,True,0.02,-0.02,,,,,,3.3554584693470884,1618.5625240408017,,,,,2.7374194132571488e-05,,,3.6859730858086176e-05
manifold,on_chart,0,16,True,0.05,0.05,3.052142479252326,True,0.22630150806513424,2.302369718558418,8.437215229009915e-06,3.3693302350268644,1618.5625240408017,0.002081680617820809,7.980598790491186e-13,0.0476897262383176,False,0.0005350598549189354,9.0077543294409,4.7891263003926816e-05,0.0005960369081489309
linear_norm,on_chart,0,16,True,0.05,0.05,,,,,,3.3693302350268644,1618.5625240408017,,,,,0.00022321096349508843,,,3.394890022519389e-05
linear_fisher,on_chart,0,16,True,0.05,0.05,,,,,,3.3693302350268644,1618.5625240408017,,,,,2.7600996714554407e-05,,,3.394890022519389e-05
manifold,on_chart,0,16,True,0.05,-0.05,-3.052142479252326,True,0.22630150806513424,2.302369718558418,8.437215229009915e-06,3.3554584693470884,1618.5625240408017,0.0020731101946992207,7.683779885422046e-13,0.0476897262383176,False,0.0005266072797415801,9.008021178874744,4.7497731487074474e-05,0.0005878117167906653
linear_norm,on_chart,0,16,True,0.05,-0.05,,,,,,3.3554584693470884,1618.5625240408017,,,,,0.00022137679702019107,,,3.6859730858086176e-05
linear_fisher,on_chart,0,16,True,0.05,-0.05,,,,,,3.3554584693470884,1618.5625240408017,,,,,2.7374194132571488e-05,,,3.6859730858086176e-05
manifold,on_chart,0,16,True,0.1,0.1,3.052142479252326,True,0.22630150806513424,2.302369718558418,8.437215229009915e-06,3.3693302350268644,1618.5625240408017,0.002081680617820809,7.980598790491186e-13,0.0476897262383176,False,0.0005350598549189354,9.0077543294409,4.7891263003926816e-05,0.0005960369081489309
linear_norm,on_chart,0,16,True,0.1,0.1,,,,,,3.3693302350268644,1618.5625240408017,,,,,0.00022321096349508843,,,3.394890022519389e-05
linear_fisher,on_chart,0,16,True,0.1,0.1,,,,,,3.3693302350268644,1618.5625240408017,,,,,2.7600996714554407e-05,,,3.394890022519389e-05
manifold,on_chart,0,16,True,0.1,-0.1,-3.052142479252326,True,0.22630150806513424,2.302369718558418,8.437215229009915e-06,3.3554584693470884,1618.5625240408017,0.0020731101946992207,7.683779885422046e-13,0.0476897262383176,False,0.0005266072797415801,9.008021178874744,4.7497731487074474e-05,0.0005878117167906653
linear_norm,on_chart,0,16,True,0.1,-0.1,,,,,,3.3554584693470884,1618.5625240408017,,,,,0.00022137679702019107,,,3.6859730858086176e-05
linear_fisher,on_chart,0,16,True,0.1,-0.1,,,,,,3.3554584693470884,1618.5625240408017,,,,,2.7374194132571488e-05,,,3.6859730858086176e-05
manifold,on_chart,0,16,True,0.2,0.2,3.052142479252326,True,0.22630150806513424,2.302369718558418,8.437215229009915e-06,3.3693302350268644,1618.5625240408017,0.002081680617820809,7.980598790491186e-13,0.0476897262383176,False,0.0005350598549189354,9.0077543294409,4.7891263003926816e-05,0.0005960369081489309
linear_norm,on_chart,0,16,True,0.2,0.2,,,,,,3.3693302350268644,1618.5625240408017,,,,,0.00022321096349508843,,,3.394890022519389e-05
linear_fisher,on_chart,0,16,True,0.2,0.2,,,,,,3.3693302350268644,1618.5625240408017,,,,,2.7600996714554407e-05,,,3.394890022519389e-05
manifold,on_chart,0,16,True,0.2,-0.2,-3.052142479252326,True,0.22630150806513424,2.302369718558418,8.437215229009915e-06,3.3554584693470884,1618.5625240408017,0.0020731101946992207,7.683779885422046e-13,0.0476897262383176,False,0.0005266072797415801,9.008021178874744,4.7497731487074474e-05,0.0005878117167906653
linear_norm,on_chart,0,16,True,0.2,-0.2,,,,,,3.3554584693470884,1618.5625240408017,,,,,0.00022137679702019107,,,3.6859730858086176e-05
linear_fisher,on_chart,0,16,True,0.2,-0.2,,,,,,3.3554584693470884,1618.5625240408017,,,,,2.7374194132571488e-05,,,3.6859730858086176e-05
manifold,on_chart,0,16,True,0.4,0.4,3.052142479252326,True,0.22630150806513424,2.302369718558418,8.437215229009915e-06,3.3693302350268644,1618.5625240408017,0.002081680617820809,7.980598790491186e-13,0.0476897262383176,False,0.0005350598549189354,9.0077543294409,4.7891263003926816e-05,0.0005960369081489309
linear_norm,on_chart,0,16,True,0.4,0.4,,,,,,3.3693302350268644,1618.5625240408017,,,,,0.00022321096349508843,,,3.394890022519389e-05
linear_fisher,on_chart,0,16,True,0.4,0.4,,,,,,3.3693302350268644,1618.5625240408017,,,,,2.7600996714554407e-05,,,3.394890022519389e-05
manifold,on_chart,0,16,True,0.4,-0.4,-3.052142479252326,True,0.22630150806513424,2.302369718558418,8.437215229009915e-06,3.3554584693470884,1618.5625240408017,0.0020731101946992207,7.683779885422046e-13,0.0476897262383176,False,0.0005266072797415801,9.008021178874744,4.7497731487074474e-05,0.0005878117167906653
linear_norm,on_chart,0,16,True,0.4,-0.4,,,,,,3.3554584693470884,1618.5625240408017,,,,,0.00022137679702019107,,,3.6859730858086176e-05
linear_fisher,on_chart,0,16,True,0.4,-0.4,,,,,,3.3554584693470884,1618.5625240408017,,,,,2.7374194132571488e-05,,,3.6859730858086176e-05
manifold,on_chart,0,2,True,0.005,0.005,3.052142479252326,True,0.22630150806513424,2.032661413986776,7.938175409172899e-06,3.342663800032423,4370.753404210387,0.000764779773851438,8.310683668631277e-13,0.0476897262383176,False,0.00011223871957655565,9.007624198290937,4.434820963904583e-05,0.00012136812955108799
linear_norm,on_chart,0,2,True,0.005,0.005,,,,,,3.342663800032423,4370.753404210387,,,,,0.00021969175591120198,,,3.459490091047761e-05
linear_fisher,on_chart,0,2,True,0.005,0.005,,,,,,3.342663800032423,4370.753404210387,,,,,3.475866973964011e-05,,,3.459490091047761e-05
manifold,on_chart,0,2,True,0.005,-0.005,-3.052142479252326,True,0.22630150806513424,2.032661413986776,7.938175409172899e-06,3.3821222122044374,4370.753404210387,0.0007738076023567031,8.318493720571308e-13,0.0476897262383176,False,0.00012066075781422241,9.00815438657394,4.540140459363565e-05,0.0001304521622837481
linear_norm,on_chart,0,2,True,0.005,-0.005,,,,,,3.3821222122044374,4370.753404210387,,,,,0.00022490906345921496,,,3.768054962690625e-05
linear_fisher,on_chart,0,2,True,0.005,-0.005,,,,,,3.3821222122044374,4370.753404210387,,,,,3.558412934434549e-05,,,3.768054962690625e-05
manifold,on_chart,0,2,True,0.01,0.01,3.052142479252326,True,0.22630150806513424,2.032661413986776,7.938175409172899e-06,3.342663800032423,4370.753404210387,0.000764779773851438,8.310683668631277e-13,0.0476897262383176,False,0.00011223871957655565,9.007624198290937,4.434820963904583e-05,0.00012136812955108799
linear_norm,on_chart,0,2,True,0.01,0.01,,,,,,3.342663800032423,4370.753404210387,,,,,0.00021969175591120198,,,3.459490091047761e-05
linear_fisher,on_chart,0,2,True,0.01,0.01,,,,,,3.342663800032423,4370.753404210387,,,,,3.475866973964011e-05,,,3.459490091047761e-05
manifold,on_chart,0,2,True,0.01,-0.01,-3.052142479252326,True,0.22630150806513424,2.032661413986776,7.938175409172899e-06,3.3821222122044374,4370.753404210387,0.0007738076023567031,8.318493720571308e-13,0.0476897262383176,False,0.00012066075781422241,9.00815438657394,4.540140459363565e-05,0.0001304521622837481
linear_norm,on_chart,0,2,True,0.01,-0.01,,,,,,3.3821222122044374,4370.753404210387,,,,,0.00022490906345921496,,,3.768054962690625e-05
linear_fisher,on_chart,0,2,True,0.01,-0.01,,,,,,3.3821222122044374,4370.753404210387,,,,,3.558412934434549e-05,,,3.768054962690625e-05
manifold,on_chart,0,2,True,0.02,0.02,3.052142479252326,True,0.22630150806513424,2.032661413986776,7.938175409172899e-06,3.342663800032423,4370.753404210387,0.000764779773851438,8.310683668631277e-13,0.0476897262383176,False,0.00011223871957655565,9.007624198290937,4.434820963904583e-05,0.00012136812955108799
linear_norm,on_chart,0,2,True,0.02,0.02,,,,,,3.342663800032423,4370.753404210387,,,,,0.00021969175591120198,,,3.459490091047761e-05
linear_fisher,on_chart,0,2,True,0.02,0.02,,,,,,3.342663800032423,4370.753404210387,,,,,3.475866973964011e-05,,,3.459490091047761e-05
manifold,on_chart,0,2,True,0.02,-0.02,-3.052142479252326,True,0.22630150806513424,2.032661413986776,7.938175409172899e-06,3.3821222122044374,4370.753404210387,0.0007738076023567031,8.318493720571308e-13,0.0476897262383176,False,0.00012066075781422241,9.00815438657394,4.540140459363565e-05,0.0001304521622837481
linear_norm,on_chart,0,2,True,0.02,-0.02,,,,,,3.3821222122044374,4370.753404210387,,,,,0.00022490906345921496,,,3.768054962690625e-05
linear_fisher,on_chart,0,2,True,0.02,-0.02,,,,,,3.3821222122044374,4370.753404210387,,,,,3.558412934434549e-05,,,3.768054962690625e-05
manifold,on_chart,0,2,True,0.05,0.05,3.052142479252326,True,0.22630150806513424,2.032661413986776,7.938175409172899e-06,3.342663800032423,4370.753404210387,0.000764779773851438,8.310683668631277e-13,0.0476897262383176,False,0.00011223871957655565,9.007624198290937,4.434820963904583e-05,0.00012136812955108799
linear_norm,on_chart,0,2,True,0.05,0.05,,,,,,3.342663800032423,4370.753404210387,,,,,0.00021969175591120198,,,3.459490091047761e-05
linear_fisher,on_chart,0,2,True,0.05,0.05,,,,,,3.342663800032423,4370.753404210387,,,,,3.475866973964011e-05,,,3.459490091047761e-05
manifold,on_chart,0,2,True,0.05,-0.05,-3.052142479252326,True,0.22630150806513424,2.032661413986776,7.938175409172899e-06,3.3821222122044374,4370.753404210387,0.0007738076023567031,8.318493720571308e-13,0.0476897262383176,False,0.00012066075781422241,9.00815438657394,4.540140459363565e-05,0.0001304521622837481
linear_norm,on_chart,0,2,True,0.05,-0.05,,,,,,3.3821222122044374,4370.753404210387,,,,,0.00022490906345921496,,,3.768054962690625e-05
linear_fisher,on_chart,0,2,True,0.05,-0.05,,,,,,3.3821222122044374,4370.753404210387,,,,,3.558412934434549e-05,,,3.768054962690625e-05
manifold,on_chart,0,2,True,0.1,0.1,3.052142479252326,True,0.22630150806513424,2.032661413986776,7.938175409172899e-06,3.342663800032423,4370.753404210387,0.000764779773851438,8.310683668631277e-13,0.0476897262383176,False,0.00011223871957655565,9.007624198290937,4.434820963904583e-05,0.00012136812955108799
linear_norm,on_chart,0,2,True,0.1,0.1,,,,,,3.342663800032423,4370.753404210387,,,,,0.00021969175591120198,,,3.459490091047761e-05
linear_fisher,on_chart,0,2,True,0.1,0.1,,,,,,3.342663800032423,4370.753404210387,,,,,3.475866973964011e-05,,,3.459490091047761e-05
manifold,on_chart,0,2,True,0.1,-0.1,-3.052142479252326,True,0.22630150806513424,2.032661413986776,7.938175409172899e-06,3.3821222122044374,4370.753404210387,0.0007738076023567031,8.318493720571308e-13,0.0476897262383176,False,0.00012066075781422241,9.00815438657394,4.540140459363565e-05,0.0001304521622837481
linear_norm,on_chart,0,2,True,0.1,-0.1,,,,,,3.3821222122044374,4370.753404210387,,,,,0.00022490906345921496,,,3.768054962690625e-05
linear_fisher,on_chart,0,2,True,0.1,-0.1,,,,,,3.3821222122044374,4370.753404210387,,,,,3.558412934434549e-05,,,3.768054962690625e-05
manifold,on_chart,0,2,True,0.2,0.2,3.052142479252326,True,0.22630150806513424,2.032661413986776,7.938175409172899e-06,3.342663800032423,4370.753404210387,0.000764779773851438,8.310683668631277e-13,0.0476897262383176,False,0.00011223871957655565,9.007624198290937,4.434820963904583e-05,0.00012136812955108799
linear_norm,on_chart,0,2,True,0.2,0.2,,,,,,3.342663800032423,4370.753404210387,,,,,0.00021969175591120198,,,3.459490091047761e-05
linear_fisher,on_chart,0,2,True,0.2,0.2,,,,,,3.342663800032423,4370.753404210387,,,,,3.475866973964011e-05,,,3.459490091047761e-05
manifold,on_chart,0,2,True,0.2,-0.2,-3.052142479252326,True,0.22630150806513424,2.032661413986776,7.938175409172899e-06,3.3821222122044374,4370.753404210387,0.0007738076023567031,8.318493720571308e-13,0.0476897262383176,False,0.00012066075781422241,9.00815438657394,4.540140459363565e-05,0.0001304521622837481
linear_norm,on_chart,0,2,True,0.2,-0.2,,,,,,3.3821222122044374,4370.753404210387,,,,,0.00022490906345921496,,,3.768054962690625e-05
linear_fisher,on_chart,0,2,True,0.2,-0.2,,,,,,3.3821222122044374,4370.753404210387,,,,,3.558412934434549e-05,,,3.768054962690625e-05
manifold,on_chart,0,2,True,0.4,0.4,3.052142479252326,True,0.22630150806513424,2.032661413986776,7.938175409172899e-06,3.342663800032423,4370.753404210387,0.000764779773851438,8.310683668631277e-13,0.0476897262383176,False,0.00011223871957655565,9.007624198290937,4.434820963904583e-05,0.00012136812955108799
linear_norm,on_chart,0,2,True,0.4,0.4,,,,,,3.342663800032423,4370.753404210387,,,,,0.00021969175591120198,,,3.459490091047761e-05
linear_fisher,on_chart,0,2,True,0.4,0.4,,,,,,3.342663800032423,4370.753404210387,,,,,3.475866973964011e-05,,,3.459490091047761e-05
manifold,on_chart,0,2,True,0.4,-0.4,-3.052142479252326,True,0.22630150806513424,2.032661413986776,7.938175409172899e-06,3.3821222122044374,4370.753404210387,0.0007738076023567031,8.318493720571308e-13,0.0476897262383176,False,0.00012066075781422241,9.00815438657394,4.540140459363565e-05,0.0001304521622837481
linear_norm,on_chart,0,2,True,0.4,-0.4,,,,,,3.3821222122044374,4370.753404210387,,,,,0.00022490906345921496,,,3.768054962690625e-05
linear_fisher,on_chart,0,2,True,0.4,-0.4,,,,,,3.3821222122044374,4370.753404210387,,,,,3.558412934434549e-05,,,3.768054962690625e-05
manifold,on_chart,0,44,True,0.005,0.005,3.052142479252326,True,0.22630150806513424,2.351462025693979,8.638714427783239e-06,3.3734398386650595,1521.5545009848909,0.002217100890228682,7.830881094025281e-13,0.047689726238317603,False,0.0001225192783976131,9.007774477093148,4.915470124295712e-05,0.00012944541319155227
linear_norm,on_chart,0,44,True,0.005,0.005,,,,,,3.3734398386650595,1521.5545009848909,,,,,0.00022375580056867623,,,9.8175276009721e-06
linear_fisher,on_chart,0,44,True,0.005,0.005,,,,,,3.3734398386650595,1521.5545009848909,,,,,9.259835413205272e-06,,,9.8175276009721e-06
manifold,on_chart,0,44,True,0.005,-0.005,-3.052142479252326,True,0.22630150806513424,2.351462025693979,8.638714427783239e-06,3.351348282490089,1521.5545009848909,0.002202581820316516,7.705282047280923e-13,0.04768972623831759,False,0.0001191968802425232,9.008000737851988,4.851301306669943e-05,0.00012577337004096144
linear_norm,on_chart,0,44,True,0.005,-0.005,,,,,,3.351348282490089,1521.5545009848909,,,,,0.0002208347889876209,,,1.095359225098929e-05
linear_fisher,on_chart,0,44,True,0.005,-0.005,,,,,,3.351348282490089,1521.5545009848909,,,,,9.138953244287639e-06,,,1.095359225098929e-05
manifold,on_chart,0,44,True,0.01,0.01,3.052142479252326,True,0.22630150806513424,2.351462025693979,8.638714427783239e-06,3.3734398386650595,1521.5545009848909,0.002217100890228682,7.830881094025281e-13,0.047689726238317603,False,0.0001225192783976131,9.007774477093148,4.915470124295712e-05,0.00012944541319155227
linear_norm,on_chart,0,44,True,0.01,0.01,,,,,,3.3734398386650595,1521.5545009848909,,,,,0.00022375580056867623,,,9.8175276009721e-06
linear_fisher,on_chart,0,44,True,0.01,0.01,,,,,,3.3734398386650595,1521.5545009848909,,,,,9.259835413205272e-06,,,9.8175276009721e-06
manifold,on_chart,0,44,True,0.01,-0.01,-3.052142479252326,True,0.22630150806513424,2.351462025693979,8.638714427783239e-06,3.351348282490089,1521.5545009848909,0.002202581820316516,7.705282047280923e-13,0.04768972623831759,False,0.0001191968802425232,9.008000737851988,4.851301306669943e-05,0.00012577337004096144
linear_norm,on_chart,0,44,True,0.01,-0.01,,,,,,3.351348282490089,1521.5545009848909,,,,,0.0002208347889876209,,,1.095359225098929e-05
linear_fisher,on_chart,0,44,True,0.01,-0.01,,,,,,3.351348282490089,1521.5545009848909,,,,,9.138953244287639e-06,,,1.095359225098929e-05
manifold,on_chart,0,44,True,0.02,0.02,3.052142479252326,True,0.22630150806513424,2.351462025693979,8.638714427783239e-06,3.3734398386650595,1521.5545009848909,0.002217100890228682,7.830881094025281e-13,0.047689726238317603,False,0.0001225192783976131,9.007774477093148,4.915470124295712e-05,0.00012944541319155227
linear_norm,on_chart,0,44,True,0.02,0.02,,,,,,3.3734398386650595,1521.5545009848909,,,,,0.00022375580056867623,,,9.8175276009721e-06
linear_fisher,on_chart,0,44,True,0.02,0.02,,,,,,3.3734398386650595,1521.5545009848909,,,,,9.259835413205272e-06,,,9.8175276009721e-06
manifold,on_chart,0,44,True,0.02,-0.02,-3.052142479252326,True,0.22630150806513424,2.351462025693979,8.638714427783239e-06,3.351348282490089,1521.5545009848909,0.002202581820316516,7.705282047280923e-13,0.04768972623831759,False,0.0001191968802425232,9.008000737851988,4.851301306669943e-05,0.00012577337004096144
linear_norm,on_chart,0,44,True,0.02,-0.02,,,,,,3.351348282490089,1521.5545009848909,,,,,0.0002208347889876209,,,1.095359225098929e-05
linear_fisher,on_chart,0,44,True,0.02,-0.02,,,,,,3.351348282490089,1521.5545009848909,,,,,9.138953244287639e-06,,,1.095359225098929e-05
manifold,on_chart,0,44,True,0.05,0.05,3.052142479252326,True,0.22630150806513424,2.351462025693979,8.638714427783239e-06,3.3734398386650595,1521.5545009848909,0.002217100890228682,7.830881094025281e-13,0.047689726238317603,False,0.0001225192783976131,9.007774477093148,4.915470124295712e-05,0.00012944541319155227
linear_norm,on_chart,0,44,True,0.05,0.05,,,,,,3.3734398386650595,1521.5545009848909,,,,,0.00022375580056867623,,,9.8175276009721e-06
linear_fisher,on_chart,0,44,True,0.05,0.05,,,,,,3.3734398386650595,1521.5545009848909,,,,,9.259835413205272e-06,,,9.8175276009721e-06
manifold,on_chart,0,44,True,0.05,-0.05,-3.052142479252326,True,0.22630150806513424,2.351462025693979,8.638714427783239e-06,3.351348282490089,1521.5545009848909,0.002202581820316516,7.705282047280923e-13,0.04768972623831759,False,0.0001191968802425232,9.008000737851988,4.851301306669943e-05,0.00012577337004096144
linear_norm,on_chart,0,44,True,0.05,-0.05,,,,,,3.351348282490089,1521.5545009848909,,,,,0.0002208347889876209,,,1.095359225098929e-05
linear_fisher,on_chart,0,44,True,0.05,-0.05,,,,,,3.351348282490089,1521.5545009848909,,,,,9.138953244287639e-06,,,1.095359225098929e-05
manifold,on_chart,0,44,True,0.1,0.1,3.052142479252326,True,0.22630150806513424,2.351462025693979,8.638714427783239e-06,3.3734398386650595,1521.5545009848909,0.002217100890228682,7.830881094025281e-13,0.047689726238317603,False,0.0001225192783976131,9.007774477093148,4.915470124295712e-05,0.00012944541319155227
linear_norm,on_chart,0,44,True,0.1,0.1,,,,,,3.3734398386650595,1521.5545009848909,,,,,0.00022375580056867623,,,9.8175276009721e-06
linear_fisher,on_chart,0,44,True,0.1,0.1,,,,,,3.3734398386650595,1521.5545009848909,,,,,9.259835413205272e-06,,,9.8175276009721e-06
manifold,on_chart,0,44,True,0.1,-0.1,-3.052142479252326,True,0.22630150806513424,2.351462025693979,8.638714427783239e-06,3.351348282490089,1521.5545009848909,0.002202581820316516,7.705282047280923e-13,0.04768972623831759,False,0.0001191968802425232,9.008000737851988,4.851301306669943e-05,0.00012577337004096144
linear_norm,on_chart,0,44,True,0.1,-0.1,,,,,,3.351348282490089,1521.5545009848909,,,,,0.0002208347889876209,,,1.095359225098929e-05
linear_fisher,on_chart,0,44,True,0.1,-0.1,,,,,,3.351348282490089,1521.5545009848909,,,,,9.138953244287639e-06,,,1.095359225098929e-05
manifold,on_chart,0,44,True,0.2,0.2,3.052142479252326,True,0.22630150806513424,2.351462025693979,8.638714427783239e-06,3.3734398386650595,1521.5545009848909,0.002217100890228682,7.830881094025281e-13,0.047689726238317603,False,0.0001225192783976131,9.007774477093148,4.915470124295712e-05,0.00012944541319155227
linear_norm,on_chart,0,44,True,0.2,0.2,,,,,,3.3734398386650595,1521.5545009848909,,,,,0.00022375580056867623,,,9.8175276009721e-06
linear_fisher,on_chart,0,44,True,0.2,0.2,,,,,,3.3734398386650595,1521.5545009848909,,,,,9.259835413205272e-06,,,9.8175276009721e-06
manifold,on_chart,0,44,True,0.2,-0.2,-3.052142479252326,True,0.22630150806513424,2.351462025693979,8.638714427783239e-06,3.351348282490089,1521.5545009848909,0.002202581820316516,7.705282047280923e-13,0.04768972623831759,False,0.0001191968802425232,9.008000737851988,4.851301306669943e-05,0.00012577337004096144
linear_norm,on_chart,0,44,True,0.2,-0.2,,,,,,3.351348282490089,1521.5545009848909,,,,,0.0002208347889876209,,,1.095359225098929e-05
linear_fisher,on_chart,0,44,True,0.2,-0.2,,,,,,3.351348282490089,1521.5545009848909,,,,,9.138953244287639e-06,,,1.095359225098929e-05
manifold,on_chart,0,44,True,0.4,0.4,3.052142479252326,True,0.22630150806513424,2.351462025693979,8.638714427783239e-06,3.3734398386650595,1521.5545009848909,0.002217100890228682,7.830881094025281e-13,0.047689726238317603,False,0.0001225192783976131,9.007774477093148,4.915470124295712e-05,0.00012944541319155227
linear_norm,on_chart,0,44,True,0.4,0.4,,,,,,3.3734398386650595,1521.5545009848909,,,,,0.00022375580056867623,,,9.8175276009721e-06
linear_fisher,on_chart,0,44,True,0.4,0.4,,,,,,3.3734398386650595,1521.5545009848909,,,,,9.259835413205272e-06,,,9.8175276009721e-06
manifold,on_chart,0,44,True,0.4,-0.4,-3.052142479252326,True,0.22630150806513424,2.351462025693979,8.638714427783239e-06,3.351348282490089,1521.5545009848909,0.002202581820316516,7.705282047280923e-13,0.04768972623831759,False,0.0001191968802425232,9.008000737851988,4.851301306669943e-05,0.00012577337004096144
linear_norm,on_chart,0,44,True,0.4,-0.4,,,,,,3.351348282490089,1521.5545009848909,,,,,0.0002208347889876209,,,1.095359225098929e-05
linear_fisher,on_chart,0,44,True,0.4,-0.4,,,,,,3.351348282490089,1521.5545009848909,,,,,9.138953244287639e-06,,,1.095359225098929e-05
manifold,on_chart,0,55,True,0.005,0.005,3.052142479252326,True,0.22630150806513424,3.1273910729086474,1.2120903467304194e-05,3.4279519143552735,2052.1441672979495,0.0016704245096331829,7.963246901666789e-13,0.047689726238317603,False,0.00014534374372925015,9.008044075264138,7.121548547876028e-05,0.0001694480663398048
linear_norm,on_chart,0,55,True,0.005,0.005,,,,,,3.4279519143552735,2052.1441672979495,,,,,0.00023104565529158787,,,4.934305285453041e-05
linear_fisher,on_chart,0,55,True,0.005,0.005,,,,,,3.4279519143552735,2052.1441672979495,,,,,4.4150469745462074e-05,,,4.934305285453041e-05
manifold,on_chart,0,55,True,0.005,-0.005,-3.052142479252326,True,0.22630150806513424,3.1273910729086474,1.2120903467304194e-05,3.296803235662228,2052.1441672979495,0.0016065163881751625,7.534460586616875e-13,0.04768972623831759,False,0.00013032483326342923,9.007731818487608,6.587051399563794e-05,0.00015340394050061294
linear_norm,on_chart,0,55,True,0.005,-0.005,,,,,,3.296803235662228,2052.1441672979495,,,,,0.00021370487006024707,,,4.512746776915787e-05
linear_fisher,on_chart,0,55,True,0.005,-0.005,,,,,,3.296803235662228,2052.1441672979495,,,,,4.083682243730263e-05,,,4.512746776915787e-05
manifold,on_chart,0,55,True,0.01,0.01,3.052142479252326,True,0.22630150806513424,3.1273910729086474,1.2120903467304194e-05,3.4279519143552735,2052.1441672979495,0.0016704245096331829,7.963246901666789e-13,0.047689726238317603,False,0.00014534374372925015,9.008044075264138,7.121548547876028e-05,0.0001694480663398048
linear_norm,on_chart,0,55,True,0.01,0.01,,,,,,3.4279519143552735,2052.1441672979495,,,,,0.00023104565529158787,,,4.934305285453041e-05
linear_fisher,on_chart,0,55,True,0.01,0.01,,,,,,3.4279519143552735,2052.1441672979495,,,,,4.4150469745462074e-05,,,4.934305285453041e-05
manifold,on_chart,0,55,True,0.01,-0.01,-3.052142479252326,True,0.22630150806513424,3.1273910729086474,1.2120903467304194e-05,3.296803235662228,2052.1441672979495,0.0016065163881751625,7.534460586616875e-13,0.04768972623831759,False,0.00013032483326342923,9.007731818487608,6.587051399563794e-05,0.00015340394050061294
linear_norm,on_chart,0,55,True,0.01,-0.01,,,,,,3.296803235662228,2052.1441672979495,,,,,0.00021370487006024707,,,4.512746776915787e-05
linear_fisher,on_chart,0,55,True,0.01,-0.01,,,,,,3.296803235662228,2052.1441672979495,,,,,4.083682243730263e-05,,,4.512746776915787e-05
manifold,on_chart,0,55,True,0.02,0.02,3.052142479252326,True,0.22630150806513424,3.1273910729086474,1.2120903467304194e-05,3.4279519143552735,2052.1441672979495,0.0016704245096331829,7.963246901666789e-13,0.047689726238317603,False,0.00014534374372925015,9.008044075264138,7.121548547876028e-05,0.0001694480663398048
linear_norm,on_chart,0,55,True,0.02,0.02,,,,,,3.4279519143552735,2052.1441672979495,,,,,0.00023104565529158787,,,4.934305285453041e-05
linear_fisher,on_chart,0,55,True,0.02,0.02,,,,,,3.4279519143552735,2052.1441672979495,,,,,4.4150469745462074e-05,,,4.934305285453041e-05
manifold,on_chart,0,55,True,0.02,-0.02,-3.052142479252326,True,0.22630150806513424,3.1273910729086474,1.2120903467304194e-05,3.296803235662228,2052.1441672979495,0.0016065163881751625,7.534460586616875e-13,0.04768972623831759,False,0.00013032483326342923,9.007731818487608,6.587051399563794e-05,0.00015340394050061294
linear_norm,on_chart,0,55,True,0.02,-0.02,,,,,,3.296803235662228,2052.1441672979495,,,,,0.00021370487006024707,,,4.512746776915787e-05
linear_fisher,on_chart,0,55,True,0.02,-0.02,,,,,,3.296803235662228,2052.1441672979495,,,,,4.083682243730263e-05,,,4.512746776915787e-05
manifold,on_chart,0,55,True,0.05,0.05,3.052142479252326,True,0.22630150806513424,3.1273910729086474,1.2120903467304194e-05,3.4279519143552735,2052.1441672979495,0.0016704245096331829,7.963246901666789e-13,0.047689726238317603,False,0.00014534374372925015,9.008044075264138,7.121548547876028e-05,0.0001694480663398048
linear_norm,on_chart,0,55,True,0.05,0.05,,,,,,3.4279519143552735,2052.1441672979495,,,,,0.00023104565529158787,,,4.934305285453041e-05
linear_fisher,on_chart,0,55,True,0.05,0.05,,,,,,3.4279519143552735,2052.1441672979495,,,,,4.4150469745462074e-05,,,4.934305285453041e-05
manifold,on_chart,0,55,True,0.05,-0.05,-3.052142479252326,True,0.22630150806513424,3.1273910729086474,1.2120903467304194e-05,3.296803235662228,2052.1441672979495,0.0016065163881751625,7.534460586616875e-13,0.04768972623831759,False,0.00013032483326342923,9.007731818487608,6.587051399563794e-05,0.00015340394050061294
linear_norm,on_chart,0,55,True,0.05,-0.05,,,,,,3.296803235662228,2052.1441672979495,,,,,0.00021370487006024707,,,4.512746776915787e-05
linear_fisher,on_chart,0,55,True,0.05,-0.05,,,,,,3.296803235662228,2052.1441672979495,,,,,4.083682243730263e-05,,,4.512746776915787e-05
manifold,on_chart,0,55,True,0.1,0.1,3.052142479252326,True,0.22630150806513424,3.1273910729086474,1.2120903467304194e-05,3.4279519143552735,2052.1441672979495,0.0016704245096331829,7.963246901666789e-13,0.047689726238317603,False,0.00014534374372925015,9.008044075264138,7.121548547876028e-05,0.0001694480663398048
linear_norm,on_chart,0,55,True,0.1,0.1,,,,,,3.4279519143552735,2052.1441672979495,,,,,0.00023104565529158787,,,4.934305285453041e-05
linear_fisher,on_chart,0,55,True,0.1,0.1,,,,,,3.4279519143552735,2052.1441672979495,,,,,4.4150469745462074e-05,,,4.934305285453041e-05
manifold,on_chart,0,55,True,0.1,-0.1,-3.052142479252326,True,0.22630150806513424,3.1273910729086474,1.2120903467304194e-05,3.296803235662228,2052.1441672979495,0.0016065163881751625,7.534460586616875e-13,0.04768972623831759,False,0.00013032483326342923,9.007731818487608,6.587051399563794e-05,0.00015340394050061294
linear_norm,on_chart,0,55,True,0.1,-0.1,,,,,,3.296803235662228,2052.1441672979495,,,,,0.00021370487006024707,,,4.512746776915787e-05
linear_fisher,on_chart,0,55,True,0.1,-0.1,,,,,,3.296803235662228,2052.1441672979495,,,,,4.083682243730263e-05,,,4.512746776915787e-05
manifold,on_chart,0,55,True,0.2,0.2,3.052142479252326,True,0.22630150806513424,3.1273910729086474,1.2120903467304194e-05,3.4279519143552735,2052.1441672979495,0.0016704245096331829,7.963246901666789e-13,0.047689726238317603,False,0.00014534374372925015,9.008044075264138,7.121548547876028e-05,0.0001694480663398048
linear_norm,on_chart,0,55,True,0.2,0.2,,,,,,3.4279519143552735,2052.1441672979495,,,,,0.00023104565529158787,,,4.934305285453041e-05
linear_fisher,on_chart,0,55,True,0.2,0.2,,,,,,3.4279519143552735,2052.1441672979495,,,,,4.4150469745462074e-05,,,4.934305285453041e-05
manifold,on_chart,0,55,True,0.2,-0.2,-3.052142479252326,True,0.22630150806513424,3.1273910729086474,1.2120903467304194e-05,3.296803235662228,2052.1441672979495,0.0016065163881751625,7.534460586616875e-13,0.04768972623831759,False,0.00013032483326342923,9.007731818487608,6.587051399563794e-05,0.00015340394050061294
linear_norm,on_chart,0,55,True,0.2,-0.2,,,,,,3.296803235662228,2052.1441672979495,,,,,0.00021370487006024707,,,4.512746776915787e-05
linear_fisher,on_chart,0,55,True,0.2,-0.2,,,,,,3.296803235662228,2052.1441672979495,,,,,4.083682243730263e-05,,,4.512746776915787e-05
manifold,on_chart,0,55,True,0.4,0.4,3.052142479252326,True,0.22630150806513424,3.1273910729086474,1.2120903467304194e-05,3.4279519143552735,2052.1441672979495,0.0016704245096331829,7.963246901666789e-13,0.047689726238317603,False,0.00014534374372925015,9.008044075264138,7.121548547876028e-05,0.0001694480663398048
linear_norm,on_chart,0,55,True,0.4,0.4,,,,,,3.4279519143552735,2052.1441672979495,,,,,0.00023104565529158787,,,4.934305285453041e-05
linear_fisher,on_chart,0,55,True,0.4,0.4,,,,,,3.4279519143552735,2052.1441672979495,,,,,4.4150469745462074e-05,,,4.934305285453041e-05
manifold,on_chart,0,55,True,0.4,-0.4,-3.052142479252326,True,0.22630150806513424,3.1273910729086474,1.2120903467304194e-05,3.296803235662228,2052.1441672979495,0.0016065163881751625,7.534460586616875e-13,0.04768972623831759,False,0.00013032483326342923,9.007731818487608,6.587051399563794e-05,0.00015340394050061294
linear_norm,on_chart,0,55,True,0.4,-0.4,,,,,,3.296803235662228,2052.1441672979495,,,,,0.00021370487006024707,,,4.512746776915787e-05
linear_fisher,on_chart,0,55,True,0.4,-0.4,,,,,,3.296803235662228,2052.1441672979495,,,,,4.083682243730263e-05,,,4.512746776915787e-05
manifold,on_chart,0,63,True,0.005,0.005,0.01978870519267208,False,0.22630150806513424,396.83817200603505,2.4935591705375463e-05,7.848894086346913,1570.5570929236967,0.004997522294293469,1.7782758436554835e-12,0.019788705192672063,False,0.005488750049651717,0.0007682329804779342,0.0007680802887821043,0.005458572640147924
linear_norm,on_chart,0,63,True,0.005,0.005,,,,,,7.848894086346913,1570.5570929236967,,,,,0.0012112821050950526,,,0.00016545813675458823
linear_fisher,on_chart,0,63,True,0.005,0.005,,,,,,7.848894086346913,1570.5570929236967,,,,,0.0001343154018915042,,,0.00016545813675458823
manifold,on_chart,0,63,True,0.005,-0.005,-0.01978870519267208,False,0.22630150806513424,396.83817200603505,2.4935591705375463e-05,7.814883694482838,1570.5570929236967,0.004975867308290532,1.7720782160464575e-12,0.019788705192672063,False,0.005441310142722756,0.0007612814053856532,0.0007614383046818312,0.005798949356660447
linear_norm,on_chart,0,63,True,0.005,-0.005,,,,,,7.814883694482838,1570.5570929236967,,,,,0.0012008075276316163,,,0.00019342554602020794
linear_fisher,on_chart,0,63,True,0.005,-0.005,,,,,,7.814883694482838,1570.5570929236967,,,,,0.0001331539077393768,,,0.00019342554602020794
manifold,on_chart,0,63,True,0.01,0.01,0.03957934799619596,False,0.22630150806513424,396.83817200603505,2.4935591705375463e-05,15.611368839342363,1570.5570929236967,0.009940019951952692,3.532524469818925e-12,0.039579347996195946,False,0.021713879093949975,0.003039961382118212,0.0030385868344607147,0.020445881004325747
linear_norm,on_chart,0,63,True,0.01,0.01,,,,,,15.611368839342363,1570.5570929236967,,,,,0.004791928540694301,,,0.0005968437914546785
linear_fisher,on_chart,0,63,True,0.01,0.01,,,,,,15.611368839342363,1570.5570929236967,,,,,0.0005313624341277778,,,0.0005968437914546785
manifold,on_chart,0,63,True,0.01,-0.01,-0.03957934799619596,False,0.22630150806513424,396.83817200603505,2.4935591705375463e-05,15.475839193571733,1570.5570929236967,0.009853725957050327,3.5034668442239662e-12,0.039579347996195946,False,0.021338688707462163,0.0029851960661413475,0.0029860570395486203,0.02295183677421278
linear_norm,on_chart,0,63,True,0.01,-0.01,,,,,,15.475839193571733,1570.5570929236967,,,,,0.004709087721198432,,,0.0008107661440707602
linear_fisher,on_chart,0,63,True,0.01,-0.01,,,,,,15.475839193571733,1570.5570929236967,,,,,0.0005221764666997063,,,0.0008107661440707602
manifold,on_chart,0,63,True,0.02,0.02,0.07917420713234793,False,0.22630150806513424,396.83817200603505,2.4935591705375463e-05,30.403291635398407,1570.5570929236967,0.019358284886543446,6.872806872533704e-12,0.07917420713234796,True,0.08235581121176358,0.011546492629929047,0.011524733548147426,0.06755096857442132
linear_norm,on_chart,0,63,True,0.02,0.02,,,,,,30.403291635398407,1570.5570929236967,,,,,0.018174797240265852,,,0.0019240658237695018
linear_fisher,on_chart,0,63,True,0.02,0.02,,,,,,30.403291635398407,1570.5570929236967,,,,,0.002015348187969272,,,0.0019240658237695018
manifold,on_chart,0,63,True,0.02,-0.02,-0.07917420713234793,False,0.22630150806513424,396.83817200603505,2.4935591705375463e-05,29.869307034314254,1570.5570929236967,0.019018287949475653,6.755741183233969e-12,0.07917420713234796,True,0.07948975747460231,0.011134679772287813,0.011123462032559012,0.08118889993667877
linear_norm,on_chart,0,63,True,0.02,-0.02,,,,,,29.869307034314254,1570.5570929236967,,,,,0.017541981878101933,,,0.0033760573753582085
linear_fisher,on_chart,0,63,True,0.02,-0.02,,,,,,29.869307034314254,1570.5570929236967,,,,,0.001945177210180826,,,0.0033760573753582085
manifold,on_chart,0,63,True,0.05,0.05,0.19820811780222355,False,0.22630150806513424,396.83817200603505,2.4935591705375463e-05,61.33672487882724,1570.5570929236967,0.03905411981212656,1.3890991870136299e-11,0.09910405890111176,False,0.3351840618756727,0.05001124870154387,0.0469062644918019,0.19116422932841476
linear_norm,on_chart,0,63,True,0.05,0.05,,,,,,61.33672487882724,1570.5570929236967,,,,,0.07397236932855777,,,0.00816557010830199
linear_fisher,on_chart,0,63,True,0.05,0.05,,,,,,61.33672487882724,1570.5570929236967,,,,,0.008202571864505813,,,0.00816557010830199
manifold,on_chart,0,63,True,0.05,-0.05,-0.19820811780222355,False,0.22630150806513424,396.83817200603505,2.4935591705375463e-05,58.33962184497899,1570.5570929236967,0.037145814124067214,1.320072242941731e-11,0.08361904969781304,False,0.3032432702293373,0.04594650430087563,0.04243428627770458,0.2011003878532297
linear_norm,on_chart,0,63,True,0.05,-0.05,,,,,,58.33962184497899,1570.5570929236967,,,,,0.06691994621052653,,,0.01641580954134393
linear_fisher,on_chart,0,63,True,0.05,-0.05,,,,,,58.33962184497899,1570.5570929236967,,,,,0.007420550037036492,,,0.01641580954134393
manifold,on_chart,0,63,True,0.1,0.1,0.39839716208550763,False,0.22630150806513424,396.83817200603505,2.4935591705375463e-05,41.607751703665684,1570.5570929236967,0.026492352230386023,9.41801168803837e-12,0.09959929052137691,False,0.1542038586723907,0.12786032318455723,0.02158431054201689,0.11141804697625174
linear_norm,on_chart,0,63,True,0.1,0.1,,,,,,41.607751703665684,1570.5570929236967,,,,,0.03403900541675859,,,0.003379615402233037
linear_fisher,on_chart,0,63,True,0.1,0.1,,,,,,41.607751703665684,1570.5570929236967,,,,,0.0037744821568054606,,,0.003379615402233037
manifold,on_chart,0,63,True,0.1,-0.1,-0.39839716208550763,False,0.22630150806513424,396.83817200603505,2.4935591705375463e-05,33.66496778715048,1570.5570929236967,0.02143504870904177,7.621088372055325e-12,0.08092442354861874,False,0.10096287955515221,0.1246281983671272,0.014130127773293111,0.1002555174900651
linear_norm,on_chart,0,63,True,0.1,-0.1,,,,,,33.66496778715048,1570.5570929236967,,,,,0.022283570044006218,,,0.004414927019689388
linear_fisher,on_chart,0,63,True,0.1,-0.1,,,,,,33.66496778715048,1570.5570929236967,,,,,0.002470957552702653,,,0.004414927019689388
manifold,on_chart,0,63,True,0.2,0.2,0.8138071946702534,False,0.22630150806513424,396.83817200603505,2.4935591705375463e-05,56.80174798330547,1570.5570929236967,0.036166624084684004,1.2859853193999492e-11,0.10172589933378168,False,0.2874664753614712,0.6131264820599752,0.04022657747135708,0.19673535111237467
linear_norm,on_chart,0,63,True,0.2,0.2,,,,,,56.80174798330547,1570.5570929236967,,,,,0.06343833340331632,,,0.006673102884013519
linear_fisher,on_chart,0,63,True,0.2,0.2,,,,,,56.80174798330547,1570.5570929236967,,,,,0.007034484543734794,,,0.006673102884013519
manifold,on_chart,0,63,True,0.2,-0.2,-0.8138071946702534,False,0.22630150806513424,396.83817200603505,2.4935591705375463e-05,59.48802234891223,1570.5570929236967,0.03787701995485647,1.3460789416785084e-11,0.08901016191705896,False,0.31528458149724753,0.597352724743029,0.04412134520204088,0.18387653495806255
linear_norm,on_chart,0,63,True,0.2,-0.2,,,,,,59.48802234891223,1570.5570929236967,,,,,0.0695804809425527,,,0.017258367464246
linear_fisher,on_chart,0,63,True,0.2,-0.2,,,,,,59.48802234891223,1570.5570929236967,,,,,0.0077155686708256545,,,0.017258367464246
manifold,on_chart,0,63,True,0.4,0.4,1.826634344345464,False,0.22630150806513424,396.83817200603505,2.4935591705375463e-05,54.789263723843504,1570.5570929236967,0.0348852416576908,1.240599297561365e-11,0.1141646465215915,False,0.26745733767210517,3.1781562775474645,0.037426620290741223,0.19064581354036658
linear_norm,on_chart,0,63,True,0.4,0.4,,,,,,54.789263723843504,1570.5570929236967,,,,,0.05902272988185359,,,0.006101047026925166
linear_fisher,on_chart,0,63,True,0.4,0.4,,,,,,54.789263723843504,1570.5570929236967,,,,,0.00654485165055153,,,0.006101047026925166
manifold,on_chart,0,63,True,0.4,-0.4,-1.826634344345464,False,0.22630150806513424,396.83817200603505,2.4935591705375463e-05,57.154559349894825,1570.5570929236967,0.03639126498960812,1.2925785867971327e-11,0.08562348489119362,False,0.29103611291158,3.145206591695917,0.040727846207542544,0.17460265723102197
linear_norm,on_chart,0,63,True,0.4,-0.4,,,,,,57.154559349894825,1570.5570929236967,,,,,0.0642288469197455,,,0.015577018005293968
linear_fisher,on_chart,0,63,True,0.4,-0.4,,,,,,57.154559349894825,1570.5570929236967,,,,,0.007122142191951695,,,0.015577018005293968
manifold,on_chart,0,4,True,0.005,0.005,3.052142479252326,True,0.22630150806513424,1.840869609269204,1.2578477010595617e-05,3.298771610626374,4369.115862393145,0.0007550204010427639,7.951219069372803e-13,0.0476897262383176,False,2.6889097322320937e-05,9.00741228210412,6.843882763004201e-05,3.305662629759173e-05
linear_norm,on_chart,0,4,True,0.005,0.005,,,,,,3.298771610626374,4369.115862393145,,,,,0.00021396013363649647,,,1.2390096540769345e-05
linear_fisher,on_chart,0,4,True,0.005,0.005,,,,,,3.298771610626374,4369.115862393145,,,,,1.210275674586125e-05,,,1.2390096540769345e-05
manifold,on_chart,0,4,True,0.005,-0.005,-3.052142479252326,True,0.22630150806513424,1.840869609269204,1.2578477010595617e-05,3.4259855450159153,4369.115862393145,0.0007841370320491711,8.707963994729551e-13,0.0476897262383176,False,2.8186731948915155e-05,9.008375790226312,7.38191630944302e-05,3.487348038601183e-05
linear_norm,on_chart,0,4,True,0.005,-0.005,,,,,,3.4259855450159153,4369.115862393145,,,,,0.00023078066278396474,,,1.3767415636205927e-05
linear_fisher,on_chart,0,4,True,0.005,-0.005,,,,,,3.4259855450159153,4369.115862393145,,,,,1.3054217979075552e-05,,,1.3767415636205927e-05
manifold,on_chart,0,4,True,0.01,0.01,3.052142479252326,True,0.22630150806513424,1.840869609269204,1.2578477010595617e-05,3.298771610626374,4369.115862393145,0.0007550204010427639,7.951219069372803e-13,0.0476897262383176,False,2.6889097322320937e-05,9.00741228210412,6.843882763004201e-05,3.305662629759173e-05
linear_norm,on_chart,0,4,True,0.01,0.01,,,,,,3.298771610626374,4369.115862393145,,,,,0.00021396013363649647,,,1.2390096540769345e-05
linear_fisher,on_chart,0,4,True,0.01,0.01,,,,,,3.298771610626374,4369.115862393145,,,,,1.210275674586125e-05,,,1.2390096540769345e-05
manifold,on_chart,0,4,True,0.01,-0.01,-3.052142479252326,True,0.22630150806513424,1.840869609269204,1.2578477010595617e-05,3.4259855450159153,4369.115862393145,0.0007841370320491711,8.707963994729551e-13,0.0476897262383176,False,2.8186731948915155e-05,9.008375790226312,7.38191630944302e-05,3.487348038601183e-05
linear_norm,on_chart,0,4,True,0.01,-0.01,,,,,,3.4259855450159153,4369.115862393145,,,,,0.00023078066278396474,,,1.3767415636205927e-05
linear_fisher,on_chart,0,4,True,0.01,-0.01,,,,,,3.4259855450159153,4369.115862393145,,,,,1.3054217979075552e-05,,,1.3767415636205927e-05
manifold,on_chart,0,4,True,0.02,0.02,3.052142479252326,True,0.22630150806513424,1.840869609269204,1.2578477010595617e-05,3.298771610626374,4369.115862393145,0.0007550204010427639,7.951219069372803e-13,0.0476897262383176,False,2.6889097322320937e-05,9.00741228210412,6.843882763004201e-05,3.305662629759173e-05
linear_norm,on_chart,0,4,True,0.02,0.02,,,,,,3.298771610626374,4369.115862393145,,,,,0.00021396013363649647,,,1.2390096540769345e-05
linear_fisher,on_chart,0,4,True,0.02,0.02,,,,,,3.298771610626374,4369.115862393145,,,,,1.210275674586125e-05,,,1.2390096540769345e-05
manifold,on_chart,0,4,True,0.02,-0.02,-3.052142479252326,True,0.22630150806513424,1.840869609269204,1.2578477010595617e-05,3.4259855450159153,4369.115862393145,0.0007841370320491711,8.707963994729551e-13,0.0476897262383176,False,2.8186731948915155e-05,9.008375790226312,7.38191630944302e-05,3.487348038601183e-05
linear_norm,on_chart,0,4,True,0.02,-0.02,,,,,,3.4259855450159153,4369.115862393145,,,,,0.00023078066278396474,,,1.3767415636205927e-05
linear_fisher,on_chart,0,4,True,0.02,-0.02,,,,,,3.4259855450159153,4369.115862393145,,,,,1.3054217979075552e-05,,,1.3767415636205927e-05
manifold,on_chart,0,4,True,0.05,0.05,3.052142479252326,True,0.22630150806513424,1.840869609269204,1.2578477010595617e-05,3.298771610626374,4369.115862393145,0.0007550204010427639,7.951219069372803e-13,0.0476897262383176,False,2.6889097322320937e-05,9.00741228210412,6.843882763004201e-05,3.305662629759173e-05
linear_norm,on_chart,0,4,True,0.05,0.05,,,,,,3.298771610626374,4369.115862393145,,,,,0.00021396013363649647,,,1.2390096540769345e-05
linear_fisher,on_chart,0,4,True,0.05,0.05,,,,,,3.298771610626374,4369.115862393145,,,,,1.210275674586125e-05,,,1.2390096540769345e-05
manifold,on_chart,0,4,True,0.05,-0.05,-3.052142479252326,True,0.22630150806513424,1.840869609269204,1.2578477010595617e-05,3.4259855450159153,4369.115862393145,0.0007841370320491711,8.707963994729551e-13,0.0476897262383176,False,2.8186731948915155e-05,9.008375790226312,7.38191630944302e-05,3.487348038601183e-05
linear_norm,on_chart,0,4,True,0.05,-0.05,,,,,,3.4259855450159153,4369.115862393145,,,,,0.00023078066278396474,,,1.3767415636205927e-05
linear_fisher,on_chart,0,4,True,0.05,-0.05,,,,,,3.4259855450159153,4369.115862393145,,,,,1.3054217979075552e-05,,,1.3767415636205927e-05
manifold,on_chart,0,4,True,0.1,0.1,3.052142479252326,True,0.22630150806513424,1.840869609269204,1.2578477010595617e-05,3.298771610626374,4369.115862393145,0.0007550204010427639,7.951219069372803e-13,0.0476897262383176,False,2.6889097322320937e-05,9.00741228210412,6.843882763004201e-05,3.305662629759173e-05
linear_norm,on_chart,0,4,True,0.1,0.1,,,,,,3.298771610626374,4369.115862393145,,,,,0.00021396013363649647,,,1.2390096540769345e-05
linear_fisher,on_chart,0,4,True,0.1,0.1,,,,,,3.298771610626374,4369.115862393145,,,,,1.210275674586125e-05,,,1.2390096540769345e-05
manifold,on_chart,0,4,True,0.1,-0.1,-3.052142479252326,True,0.22630150806513424,1.840869609269204,1.2578477010595617e-05,3.4259855450159153,4369.115862393145,0.0007841370320491711,8.707963994729551e-13,0.0476897262383176,False,2.8186731948915155e-05,9.008375790226312,7.38191630944302e-05,3.487348038601183e-05
linear_norm,on_chart,0,4,True,0.1,-0.1,,,,,,3.4259855450159153,4369.115862393145,,,,,0.00023078066278396474,,,1.3767415636205927e-05
linear_fisher,on_chart,0,4,True,0.1,-0.1,,,,,,3.4259855450159153,4369.115862393145,,,,,1.3054217979075552e-05,,,1.3767415636205927e-05
manifold,on_chart,0,4,True,0.2,0.2,3.052142479252326,True,0.22630150806513424,1.840869609269204,1.2578477010595617e-05,3.298771610626374,4369.115862393145,0.0007550204010427639,7.951219069372803e-13,0.0476897262383176,False,2.6889097322320937e-05,9.00741228210412,6.843882763004201e-05,3.305662629759173e-05
linear_norm,on_chart,0,4,True,0.2,0.2,,,,,,3.298771610626374,4369.115862393145,,,,,0.00021396013363649647,,,1.2390096540769345e-05
linear_fisher,on_chart,0,4,True,0.2,0.2,,,,,,3.298771610626374,4369.115862393145,,,,,1.210275674586125e-05,,,1.2390096540769345e-05
manifold,on_chart,0,4,True,0.2,-0.2,-3.052142479252326,True,0.22630150806513424,1.840869609269204,1.2578477010595617e-05,3.4259855450159153,4369.115862393145,0.0007841370320491711,8.707963994729551e-13,0.0476897262383176,False,2.8186731948915155e-05,9.008375790226312,7.38191630944302e-05,3.487348038601183e-05
linear_norm,on_chart,0,4,True,0.2,-0.2,,,,,,3.4259855450159153,4369.115862393145,,,,,0.00023078066278396474,,,1.3767415636205927e-05
linear_fisher,on_chart,0,4,True,0.2,-0.2,,,,,,3.4259855450159153,4369.115862393145,,,,,1.3054217979075552e-05,,,1.3767415636205927e-05
manifold,on_chart,0,4,True,0.4,0.4,3.052142479252326,True,0.22630150806513424,1.840869609269204,1.2578477010595617e-05,3.298771610626374,4369.115862393145,0.0007550204010427639,7.951219069372803e-13,0.0476897262383176,False,2.6889097322320937e-05,9.00741228210412,6.843882763004201e-05,3.305662629759173e-05
linear_norm,on_chart,0,4,True,0.4,0.4,,,,,,3.298771610626374,4369.115862393145,,,,,0.00021396013363649647,,,1.2390096540769345e-05
linear_fisher,on_chart,0,4,True,0.4,0.4,,,,,,3.298771610626374,4369.115862393145,,,,,1.210275674586125e-05,,,1.2390096540769345e-05
manifold,on_chart,0,4,True,0.4,-0.4,-3.052142479252326,True,0.22630150806513424,1.840869609269204,1.2578477010595617e-05,3.4259855450159153,4369.115862393145,0.0007841370320491711,8.707963994729551e-13,0.0476897262383176,False,2.8186731948915155e-05,9.008375790226312,7.38191630944302e-05,3.487348038601183e-05
linear_norm,on_chart,0,4,True,0.4,-0.4,,,,,,3.4259855450159153,4369.115862393145,,,,,0.00023078066278396474,,,1.3767415636205927e-05
linear_fisher,on_chart,0,4,True,0.4,-0.4,,,,,,3.4259855450159153,4369.115862393145,,,,,1.3054217979075552e-05,,,1.3767415636205927e-05
